"NUM";"TITLE";"genre"
1;"XCOM 2 (한국어판)";"전략"
2;"Rubber Bandits: Supporter Bundle (중국어(간체자), 한국어, 영어, 일본어, 중국어(번체자))";"격투"
3;"Unravel (영어판)";"어드벤처"
4;"Zombie Army 4: Dead War (중국어(간체자), 한국어, 영어, 일본어, 중국어(번체자))";"슈팅"
5;"Task Force Kampas (영어판)";"아케이드"
6;"Task Force Kampas (영어판)";"슈팅"
7;"Caveman Warriors (영어판)";"액션"
8;"어쌔신 크리드 크로니클 - 합본팩 (한국어판)";"롤플레잉 게임"
9;"Another World - 20th Anniversary Edition 제품판 (영어, 일본어)";"액션"
10;"3D MiniGolf (영어)";"가족"
11;"3D MiniGolf (영어)";"캐주얼"
12;"3D MiniGolf (영어)";"스포츠"
13;"Super Kids Racing - Snow Edition (중국어(간체자), 한국어, 영어, 일본어)";"가족"
14;"Super Kids Racing - Snow Edition (중국어(간체자), 한국어, 영어, 일본어)";"드라이빙/레이싱"
15;"ConnecTank (중국어(간체자), 영어, 일본어, 중국어(번체자))";"액션"
16;"ConnecTank (중국어(간체자), 영어, 일본어, 중국어(번체자))";"캐주얼"
17;"X-Force Genesis (영어)";"아케이드"
18;"X-Force Genesis (영어)";"캐주얼"
19;"X-Force Genesis (영어)";"슈팅"
20;"Mountain Racing (영어)";"가족"
21;"Mountain Racing (영어)";"드라이빙/레이싱"
22;"Ravva and the Cyclops Curse (중국어(간체자), 한국어, 영어, 일본어)";"액션"
23;"볼륨 (영어판)";"액션"
24;"볼륨 (영어판)";"어드벤처"
25;"볼륨 (영어판)";"어드벤처"
26;"볼륨VR (영어판)";"어드벤처"
27;"사마엘: 오피우쿠스의 유산 (한국어판)";"액션"
28;"사마엘: 오피우쿠스의 유산 (한국어판)";"캐주얼"
29;"사마엘: 오피우쿠스의 유산 (한국어판)";"어드벤처"
30;"오피우쿠스 궁극 (게임)";"액션"
31;"오피우쿠스 궁극 (게임)";"캐주얼"
32;"오피우쿠스 궁극 (게임)";"어드벤처"
33;"파이널소드 (중국어(간체자), 한국어, 영어, 일본어, 중국어(번체자))";"롤플레잉 게임"
34;"Syrup and the Ultimate Sweet (한국어판)";"어드벤처"
35;"Skabma - Snowfall (중국어(간체자), 영어, 일본어, 중국어(번체자))";"액션"
36;"Skabma - Snowfall (중국어(간체자), 영어, 일본어, 중국어(번체자))";"어드벤처"
37;"짐바오리: 오닌 전쟁 (영어)";"액션"
38;"짐바오리: 오닌 전쟁 (영어)";"캐주얼"
39;"짐바오리: 오닌 전쟁 (영어)";"어드벤처"
40;"Maggie the Magnet PS4 & PS5 (한국어, 영어, 일본어, 중국어(번체자))";"퍼즐"
41;"Maggie the Magnet PS4 & PS5 (한국어, 영어, 일본어, 중국어(번체자))";"캐주얼"
42;"Squad 51 vs. the Flying Saucers (중국어(간체자), 한국어, 영어, 일본어, 중국어(번체자))";"슈팅"
43;"El Gancho PS4 & PS5 (영어)";"액션"
44;"Hyper Shapes (영어)";"캐주얼"
45;"Wild Park Manager (중국어(간체자), 한국어, 영어, 일본어, 중국어(번체자))";"시뮬레이션"
46;"Wild Park Manager (중국어(간체자), 한국어, 영어, 일본어, 중국어(번체자))";"캐주얼"
47;"Wild Park Manager (중국어(간체자), 한국어, 영어, 일본어, 중국어(번체자))";"전략"
48;"Astalon: 지구의 눈물 (중국어(간체자), 한국어, 영어, 일본어, 중국어(번체자))";"어드벤처"
49;"Astalon: 지구의 눈물 (중국어(간체자), 한국어, 영어, 일본어, 중국어(번체자))";"액션"
50;"ARCADE GAME SERIES: DIG DUG (영어, 일본어)";"아케이드"
51;"DREAMERS (중국어(간체자), 영어, 일본어)";"액션"
52;"DREAMERS (중국어(간체자), 영어, 일본어)";"어드벤처"
53;"DREAMERS (중국어(간체자), 영어, 일본어)";"퍼즐"
54;"The Gravity Trickster (중국어(간체자), 한국어, 영어, 일본어)";"퍼즐"
55;"Horse Racing 2016 (영어)";"드라이빙/레이싱"
56;"Horse Racing 2016 (영어)";"스포츠"
57;"Racing Game Pack (중국어(간체자), 한국어, 영어, 일본어)";"가족"
58;"Racing Game Pack (중국어(간체자), 한국어, 영어, 일본어)";"드라이빙/레이싱"
59;"Racing Game Pack (중국어(간체자), 한국어, 영어, 일본어)";"스포츠"
60;"Null Drifter (영어)";"액션"
61;"Null Drifter (영어)";"아케이드"
62;"Null Drifter (영어)";"슈팅"
63;"Null Drifter (영어판)";"액션"
64;"Null Drifter (영어판)";"아케이드"
65;"Null Drifter (영어판)";"슈팅"
66;"Evergate (중국어(간체자), 한국어, 영어, 일본어, 중국어(번체자))";"퍼즐"
67;"We Were Here Series Bundle (중국어(간체자), 한국어, 태국어, 영어, 일본어, 중국어(번체자))";"유니크"
68;"We Were Here Series Bundle (중국어(간체자), 한국어, 태국어, 영어, 일본어, 중국어(번체자))";"어드벤처"
69;"We Were Here Series Bundle (중국어(간체자), 한국어, 태국어, 영어, 일본어, 중국어(번체자))";"퍼즐"
70;"Totally Normal Journey: The Interactive Musical (영어)";"어드벤처"
71;"Totally Normal Journey: The Interactive Musical (영어)";"음악/리듬"
72;"May’s Mysteries: The Secret of Dragonville (영어)";"어드벤처"
73;"May’s Mysteries: The Secret of Dragonville (영어)";"퍼즐"
74;"Blood Bowl 2: Legendary Edition (게임)";"롤플레잉 게임"
75;"Blood Bowl 2: Legendary Edition (게임)";"스포츠"
76;"Blood Bowl 2: Legendary Edition (게임)";"전략"
77;"알케믹 조스트 (한국어판)";"전략"
78;"아시가루: 마지막 쇼군 (영어, 일본어)";"액션"
79;"아시가루: 마지막 쇼군 (영어, 일본어)";"캐주얼"
80;"아시가루: 마지막 쇼군 (영어, 일본어)";"어드벤처"
81;"쇼군 궁극 (영어, 일본어)";"액션"
82;"쇼군 궁극 (영어, 일본어)";"캐주얼"
83;"쇼군 궁극 (영어, 일본어)";"어드벤처"
84;"Shadwen (영어)";"액션"
85;"Funtoon's World (영어)";"어드벤처"
86;"Funtoon's World (영어)";"가족"
87;"Max: The Curse of Brotherhood (영어)";"액션"
88;"Max: The Curse of Brotherhood (영어)";"어드벤처"
89;"Max: The Curse of Brotherhood (영어)";"퍼즐"
90;"Balloon Strike (영어)";"어드벤처"
91;"Balloon Strike (영어)";"가족"
92;"사이버 프로토콜 (영어)";"유니크"
93;"사이버 프로토콜 (영어)";"아케이드"
94;"Leap of Fate (영어판/일어판)";"액션"
95;"Robozarro (영어판/일어판)";"액션"
96;"Robozarro (영어판/일어판)";"어드벤처"
97;"Super Kids Racing - Theme Park Edition (중국어(간체자), 한국어, 영어, 일본어)";"가족"
98;"Super Kids Racing - Theme Park Edition (중국어(간체자), 한국어, 영어, 일본어)";"드라이빙/레이싱"
99;"SWOON!EARTH ESCAPE (중국어(간체자), 한국어, 태국어, 말레이어, 영어, 일본어, 중국어(번체자))";"어드벤처"
100;"Epic Word Search Collection (영어판)";"퍼즐"
101;"Castle on the Coast (영어, 중국어(번체자))";"어드벤처"
102;"오마이GOD!아슬아슬구세주 (한국어, 영어, 일본어)";"전략"
103;"오마이GOD!아슬아슬구세주 (한국어, 영어, 일본어)";"액션"
104;"오마이GOD!아슬아슬구세주 (한국어, 영어, 일본어)";"어드벤처"
105;"Knightin'+ (영어판/일어판)";"액션"
106;"Jumping Flash! (영어)";"어드벤처"
107;"Pic-a-Pix Classic (한국어판)";"캐주얼"
108;"Pic-a-Pix Classic (한국어판)";"가족"
109;"Pic-a-Pix Classic (한국어판)";"퍼즐"
110;"시간은 아무도 기다리지 않는다 (영어)";"어드벤처"
111;"시간은 아무도 기다리지 않는다 (영어)";"퍼즐"
112;"SUPER TIME FORCE ULTRA (영어판)";"액션"
113;"ZOMB (영어판)";"아케이드"
114;"ZOMB (영어판)";"아케이드"
115;"ZOMB (영어판)";"슈팅"
116;"Zero Zero Zero Zero (영어판)";"액션"
117;"Pic-a-Pix Color (한국어판)";"두뇌개발"
118;"Pic-a-Pix Color (한국어판)";"가족"
119;"Pic-a-Pix Color (한국어판)";"퍼즐"
120;"Dracula's Legacy (영어)";"어드벤처"
121;"Dracula's Legacy (영어)";"공포"
122;"Dracula's Legacy (영어)";"캐주얼"
123;"Dracula's Legacy Remastered (영어)";"어드벤처"
124;"Dracula's Legacy Remastered (영어)";"공포"
125;"Dracula's Legacy Remastered (영어)";"캐주얼"
126;"Super Kids Racing - Lava Edition (중국어(간체자), 한국어, 영어, 일본어)";"가족"
127;"Super Kids Racing - Lava Edition (중국어(간체자), 한국어, 영어, 일본어)";"드라이빙/레이싱"
128;"Backpack Twins (영어, 일본어)";"액션"
129;"Backpack Twins (영어, 일본어)";"퍼즐"
130;"VESTA (영어판)";"액션"
131;"Gladiator: Blades of Fury (영어, 일본어, 중국어(번체자))";"액션"
132;"Gladiator: Blades of Fury (영어, 일본어, 중국어(번체자))";"격투"
133;"Gladiator: Blades of Fury (영어, 일본어, 중국어(번체자))";"스포츠"
134;"Gunducky Industries++ and Gunducky Trophy Avatar bundle (영어)";"액션"
135;"Gunducky Industries++ and Gunducky Trophy Avatar bundle (영어)";"아케이드"
136;"Miles ＆ Kilo (한국어판)";"액션"
137;"Neon Junctions (한국어판)";"퍼즐"
138;"Lizard Lady vs the Cats Platinum Edition (영어)";"아케이드"
139;"The Unknown City (Horror Begins Now.....Episode 1) (중국어(간체자), 영어, 일본어)";"액션"
140;"The Unknown City (Horror Begins Now.....Episode 1) (중국어(간체자), 영어, 일본어)";"공포"
141;"The Unknown City (Horror Begins Now.....Episode 1) (중국어(간체자), 영어, 일본어)";"슈팅"
142;"Shadow of Loot Box (한국어판)";"액션"
143;"The Voices Games Pixel Bundle (영어)";"액션"
144;"Exploria (영어)";"롤플레잉 게임"
145;"Truckzilla - Monster Truck Mega Ramp Mania (영어)";"액션"
146;"Truckzilla - Monster Truck Mega Ramp Mania (영어)";"드라이빙/레이싱"
147;"Truckzilla - Monster Truck Mega Ramp Mania (영어)";"시뮬레이션"
148;"GeoJelly (영어)";"아케이드"
149;"GeoJelly (영어)";"퍼즐"
150;"EMMA: Lost in Memories (영어판)";"액션"
151;"Epic World (중국어(간체자), 한국어, 영어, 일본어)";"액션"
152;"Epic World (중국어(간체자), 한국어, 영어, 일본어)";"어드벤처"
153;"Epic World (중국어(간체자), 한국어, 영어, 일본어)";"어드벤처"
154;"Risk System (영어, 일본어)";"아케이드"
155;"Bard's Gold (한국어, 영어, 일본어, 중국어(번체자))";"액션"
156;"Bard's Gold (한국어, 영어, 일본어, 중국어(번체자))";"액션"
157;"Angry Birds VR: Isle of Pigs (한국어, 영어, 일본어)";"캐주얼"
158;"Angry Birds VR: Isle of Pigs (한국어, 영어, 일본어)";"가족"
159;"Angry Birds VR: Isle of Pigs (한국어, 영어, 일본어)";"퍼즐"
160;"비타차드 애니멀 밸리 (영어)";"어드벤처"
161;"비타차드 애니멀 밸리 (영어)";"시뮬레이터"
162;"Bug Fables:영생의 묘목 (한국어, 영어, 일본어)";"어드벤처"
163;"Bug Fables:영생의 묘목 (한국어, 영어, 일본어)";"가족"
164;"Bug Fables:영생의 묘목 (한국어, 영어, 일본어)";"롤플레잉 게임"
165;"Construction Machine Simulator 2023 : Hard Truck Work Job (영어)";"액션"
166;"Construction Machine Simulator 2023 : Hard Truck Work Job (영어)";"전략"
167;"Construction Machine Simulator 2023 : Hard Truck Work Job (영어)";"시뮬레이션"
168;"Draknek and Friends 퍼즐 번들 (중국어(간체자), 한국어, 영어, 일본어, 중국어(번체자))";"퍼즐"
169;"Firefighter Simulator 911 : Car Fire Truck Driver (영어)";"시뮬레이션"
170;"Funtasia (중국어(간체자), 한국어, 영어, 일본어)";"아케이드"
171;"Funtasia (중국어(간체자), 한국어, 영어, 일본어)";"드라이빙/레이싱"
172;"Funtasia (중국어(간체자), 한국어, 영어, 일본어)";"시뮬레이션"
173;"Glitch Busters: 보스 챌린지 팩 (한국어판)";"액션"
174;"Mail Time (중국어(간체자), 한국어, 영어, 일본어)";"어드벤처"
175;"Mail Time (중국어(간체자), 한국어, 영어, 일본어)";"캐주얼"
176;"orbit.industries (중국어(간체자), 영어)";"시뮬레이션"
177;"Reverie (한국어판)";"어드벤처"
178;"SuperEpic - 슈퍼 에픽 (영어)";"액션"
179;"SuperEpic - 슈퍼 에픽 (영어)";"액션"
180;"Terraformers + Tin Can - Complete Edition (중국어(간체자), 한국어, 영어, 일본어, 중국어(번체자))";"전략"
181;"Under The Jolly Roger - Avatar Full Game Bundle (중국어(간체자), 영어, 일본어)";"유니크"
182;"추가 의상 팩 '귀멸 학원・하복' PS4&PS5 (한국어)";"액션"
183;"'다키' 캐릭터 팩 PS4&PS5 (한국어판)";"액션"
184;"'규타로' 캐릭터 팩 PS4&PS5 (한국어판)";"액션"
185;"'카마도 네즈코(혈귀화 진행 시)' 캐릭터 팩 PS4&PS5 (한국어판)";"액션"
186;"카마도 탄지로(환락의 거리편)' '아가츠마 젠이츠(환락의 거리편)' '하시비라 이노스케(환락의 거리편)' 캐릭터 팩 PS4&PS5 (추가 콘텐츠)";"액션"
187;"'우즈이 텐겐' 캐릭터 팩 PS4&PS5 (한국어판)";"액션"
188;"철권7 DLC10 ""자피나"" (한국어판)";"격투"
189;"철권7 DLC10 ""자피나"" (한국어판)";"액션"
190;"철권7 DLC10 ""자피나"" (한국어판)";"격투"
191;"철권7 DLC11 '간류' (한국어판)";"격투"
192;"철권7 DLC11 '간류' (한국어판)";"액션"
193;"철권7 DLC11 '간류' (한국어판)";"격투"
194;"철권7 DLC12 '리로이 스미스' (한국어판)";"격투"
195;"철권7 DLC12 '리로이 스미스' (한국어판)";"액션"
196;"철권7 DLC12 '리로이 스미스' (한국어판)";"격투"
197;"철권7 DLC13 '프레임 데이터 디스플레이' (한국어판)";"격투"
198;"철권7 DLC13 '프레임 데이터 디스플레이' (한국어판)";"액션"
199;"철권7 DLC13 '프레임 데이터 디스플레이' (한국어판)";"격투"
200;"철권7 DLC14 '파캄람' (한국어판)";"격투"
201;"철권7 DLC14 '파캄람' (한국어판)";"액션"
202;"철권7 DLC14 '파캄람' (한국어판)";"격투"
203;"철권7 DLC15 'CAVE OF ENLIGHTENMENT' (한국어판)";"격투"
204;"철권7 DLC15 'CAVE OF ENLIGHTENMENT' (한국어판)";"액션"
205;"철권7 DLC15 'CAVE OF ENLIGHTENMENT' (한국어판)";"격투"
206;"철권7 DLC2 ""기스 하워드"" 팩 (한국어판)";"격투"
207;"철권7 DLC2 ""기스 하워드"" 팩 (한국어판)";"액션"
208;"철권7 DLC2 ""기스 하워드"" 팩 (한국어판)";"격투"
209;"철권 7 DLC3 ""녹티스 루시스 카일룸"" 팩 (한국어판)";"격투"
210;"철권 7 DLC3 ""녹티스 루시스 카일룸"" 팩 (한국어판)";"액션"
211;"철권 7 DLC3 ""녹티스 루시스 카일룸"" 팩 (한국어판)";"격투"
212;"철권 7 DLC4 ""안나 윌리엄스"" (한국어판)";"격투"
213;"철권 7 DLC4 ""안나 윌리엄스"" (한국어판)";"액션"
214;"철권 7 DLC4 ""안나 윌리엄스"" (한국어판)";"격투"
215;"철권 7 DLC5 ""레이 우롱"" (한국어판)";"격투"
216;"철권 7 DLC5 ""레이 우롱"" (한국어판)";"액션"
217;"철권 7 DLC5 ""레이 우롱"" (한국어판)";"격투"
218;"철권7 DLC6 ""크레이그 머독"" (한국어판)";"격투"
219;"철권7 DLC6 ""크레이그 머독"" (한국어판)";"액션"
220;"철권7 DLC6 ""크레이그 머독"" (한국어판)";"격투"
221;"철권7 DLC7 ""아머 킹"" (한국어판)";"격투"
222;"철권7 DLC7 ""아머 킹"" (한국어판)";"액션"
223;"철권7 DLC7 ""아머 킹"" (한국어판)";"격투"
224;"철권7 DLC8 ""줄리아 창"" (한국어판)";"격투"
225;"철권7 DLC8 ""줄리아 창"" (한국어판)";"액션"
226;"철권7 DLC8 ""줄리아 창"" (한국어판)";"격투"
227;"철권7 DLC9 ""네간"" (한국어판)";"격투"
228;"철권7 DLC9 ""네간"" (한국어판)";"액션"
229;"철권7 DLC9 ""네간"" (한국어판)";"격투"
230;"철권7 DLC16 「쿠니미츠」 (한국어판)";"격투"
231;"철권7 DLC16 「쿠니미츠」 (한국어판)";"액션"
232;"철권7 DLC16 「쿠니미츠」 (한국어판)";"유니크"
233;"철권7 DLC17 「VERMILION GATE」 (한국어판)";"격투"
234;"철권7 DLC17 「VERMILION GATE」 (한국어판)";"액션"
235;"철권7 DLC17 「VERMILION GATE」 (한국어판)";"유니크"
236;"철권7 DLC18 「리디아 소비에스카」 (한국어판)";"격투"
237;"철권7 DLC18 「리디아 소비에스카」 (한국어판)";"액션"
238;"철권7 DLC19 「ISLAND PARADISE」 (한국어판)";"격투"
239;"철권7 DLC19 「ISLAND PARADISE」 (한국어판)";"액션"
240;"철권 7 - 엘리자 (한국어판)";"격투"
241;"철권 7 - 엘리자 (한국어판)";"액션"
242;"철권 7 - 엘리자 (한국어판)";"격투"
243;"인간력 강화 팩 (한국어판)";"롤플레잉 게임"
244;"블리치 재팬 변장 세트 (한국어판)";"롤플레잉 게임"
245;"프리미엄 아이템 세트 (한국어판)";"유니크"
246;"「악마」「누님 」 세트 (한국어판)";"롤플레잉 게임"
247;"더블 히로인 추가 의상 세트 (한국어판)";"롤플레잉 게임"
248;"수완 있는 직원 컴플리트 세트 (한국어판)";"롤플레잉 게임"
249;"전직 지원 팩 1 (한국어판)";"롤플레잉 게임"
250;"전직 지원 팩 2 (한국어판)";"롤플레잉 게임"
251;"가라오케 음원＆CD 컴플리트 세트 (한국어판)";"롤플레잉 게임"
252;"인형탈 머리 전원 분량＆방어구 세트 (한국어판)";"롤플레잉 게임"
253;"레벨 강화 팩 (한국어판)";"롤플레잉 게임"
254;"본업 지원 팩 (한국어판)";"롤플레잉 게임"
255;"소재 종합 팩(송) (한국어판)";"롤플레잉 게임"
256;"소재 종합 팩(죽) (한국어판)";"롤플레잉 게임"
257;"소재 종합 팩(매) (한국어판)";"롤플레잉 게임"
258;"간편하게 육성! 프리미엄 성장 부스터 세트 (한국어판)";"롤플레잉 게임"
259;"배틀 지원 팩 (한국어판)";"롤플레잉 게임"
260;"시리즈 역대 캐릭터 의상 세트 (한국어판)";"롤플레잉 게임"
261;"프리미엄 성장 부스터 세트 (한국어판)";"유니크"
262;"「악마」「누님」 세트 (중국어(간체자), 한국어, 영어, 일본어, 중국어(번체자))";"유니크"
263;"가라오케 CD 컴플리트 세트 (중국어(간체자), 한국어, 영어, 일본어, 중국어(번체자))";"유니크"
264;"전설의 코스튬 세트 (중국어(간체자), 한국어, 영어, 일본어, 중국어(번체자))";"유니크"
265;"수완 있는 직원 컴플리트 세트 (중국어(간체자), 한국어, 영어, 일본어, 중국어(번체자))";"유니크"
266;"프리미엄 의상 세트 (중국어(간체자), 한국어, 영어, 일본어, 중국어(번체자))";"유니크"
267;"드래곤볼 파이터즈 - 오지터(SSGSS) (한국어판)";"격투"
268;"드래곤볼 파이터즈 - 오지터(SSGSS) (한국어판)";"격투"
269;"드래곤볼 파이터즈 - 손오공 (한국어판)";"격투"
270;"드래곤볼 파이터즈 - 손오공 (한국어판)";"격투"
271;"드래곤볼 파이터즈 – 손오공(GT) (한국어판)";"격투"
272;"드래곤볼 파이터즈 – 손오공(GT) (한국어판)";"격투"
273;"드래곤볼 파이터즈 - 손오공(무의식의 극의) (한국어판)";"격투"
274;"드래곤볼 파이터즈 - 손오공(무의식의 극의) (한국어판)";"격투"
275;"드래곤볼 파이터즈 – 쟈넨바 (한국어판)";"격투"
276;"드래곤볼 파이터즈 – 쟈넨바 (한국어판)";"격투"
277;"드래곤볼 파이터즈 - 지렌 (한국어판)";"격투"
278;"드래곤볼 파이터즈 - 지렌 (한국어판)";"격투"
279;"드래곤볼 파이터즈 - 케프라 (한국어판)";"격투"
280;"드래곤볼 파이터즈 - 케프라 (한국어판)";"격투"
281;"드래곤볼 파이터즈 - 거북선인 (한국어판)";"격투"
282;"드래곤볼 파이터즈 - SSGSS 오공과 SSGSS 베지터 개방권 (한국어판)";"격투"
283;"드래곤볼 파이터즈 - SSGSS 오공과 SSGSS 베지터 개방권 (한국어판)";"격투"
284;"드래곤볼 파이터즈 - SSGSS 로비 아바타 (한국어판)";"격투"
285;"드래곤볼 파이터즈 - SSGSS 로비 아바타 (한국어판)";"격투"
286;"드래곤볼 파이터즈 - 슈퍼 베이비2 (한국어판)";"격투"
287;"드래곤볼 파이터즈 - 베지터 (한국어판)";"격투"
288;"드래곤볼 파이터즈 - 베지터 (한국어판)";"격투"
289;"드래곤볼 파이터즈 - 베지트(SSGSS) (한국어판)";"격투"
290;"드래곤볼 파이터즈 - 베지트(SSGSS) (한국어판)";"격투"
291;"드래곤볼 파이터즈 - 비델 (한국어판)";"격투"
292;"드래곤볼 파이터즈 - 비델 (한국어판)";"격투"
293;"드래곤볼 파이터즈 - 자마스(합체) (한국어판)";"격투"
294;"드래곤볼 파이터즈 - 자마스(합체) (한국어판)";"격투"
295;"삼국지13 with 파워업키트 (한국어판)";"전략"
296;"삼국지13 파워업키트 (한국어판)";"전략"
297;"War Thunder -  French Starter Pack (한국어판)";"시뮬레이션"
298;"War Thunder -  French Starter Pack (한국어판)";"액션"
299;"War Thunder -  French Starter Pack (한국어판)";"유니크"
300;"War Thunder - A-5C (한국어판)";"시뮬레이션"
301;"War Thunder - A-5C (한국어판)";"액션"
302;"War Thunder - Aigle (한국어판)";"시뮬레이션"
303;"War Thunder - Aigle (한국어판)";"액션"
304;"War Thunder - AV-8A Harrier (한국어판)";"시뮬레이션"
305;"War Thunder - AV-8A Harrier (한국어판)";"액션"
306;"War Thunder - AV-8A Harrier (한국어판)";"유니크"
307;"War Thunder - Black Shark (영어판)";"액션"
308;"War Thunder - British Starter Pack (한국어판)";"시뮬레이션"
309;"War Thunder - British Starter Pack (한국어판)";"액션"
310;"War Thunder - British Starter Pack (한국어판)";"유니크"
311;"War Thunder - Centurion Mk 5 AVRE (영어판)";"액션"
312;"War Thunder - Challenger Mk.3 Pack (한국어판)";"시뮬레이션"
313;"War Thunder - Challenger Mk.3 Pack (한국어판)";"액션"
314;"War Thunder - J-7D (한국어판)";"시뮬레이션"
315;"War Thunder - J-7D (한국어판)";"액션"
316;"War Thunder - Chinese Starter Pack (한국어판)";"시뮬레이션"
317;"War Thunder - Chinese Starter Pack (한국어판)";"액션"
318;"War Thunder - CV 90105 XC-8 (한국어판)";"액션"
319;"War Thunder - CV 90105 XC-8 (한국어판)";"액션"
320;"War Thunder - Dora (한국어판)";"액션"
321;"War Thunder - Dora (한국어판)";"액션"
322;"War Thunder - Duguay-Trouin (한국어판)";"시뮬레이션"
323;"War Thunder - Duguay-Trouin (한국어판)";"액션"
324;"War Thunder - Ezer Weizman’s Black Spitfire Pack (한국어판)";"시뮬레이션"
325;"War Thunder - Ezer Weizman’s Black Spitfire Pack (한국어판)";"액션"
326;"War Thunder - F-4EJ Phantom II ADTW (한국어판)";"시뮬레이션"
327;"War Thunder - F-4EJ Phantom II ADTW (한국어판)";"액션"
328;"War Thunder - F-4J(K) Phantom II (한국어판)";"시뮬레이션"
329;"War Thunder - F-4J(K) Phantom II (한국어판)";"액션"
330;"War Thunder - German Starter Bundle (영어, 일본어)";"시뮬레이션"
331;"War Thunder - German Starter Bundle (영어, 일본어)";"액션"
332;"War Thunder - German Beginner's Pack (한국어판)";"시뮬레이션"
333;"War Thunder - German Beginner's Pack (한국어판)";"액션"
334;"War Thunder - Invader (영어판)";"액션"
335;"War Thunder - IS-6 (한국어판)";"액션"
336;"War Thunder - IS-6 (한국어판)";"액션"
337;"War Thunder - Italian Starter Pack (한국어판)";"시뮬레이션"
338;"War Thunder - Italian Starter Pack (한국어판)";"액션"
339;"War Thunder - Italian Starter Pack (한국어판)";"유니크"
340;"War Thunder - J35XS (한국어판)";"시뮬레이션"
341;"War Thunder - J35XS (한국어판)";"액션"
342;"War Thunder - Japanese Starter Pack (한국어판)";"시뮬레이션"
343;"War Thunder - Japanese Starter Pack (한국어판)";"액션"
344;"War Thunder - Japanese Starter Pack (한국어판)";"유니크"
345;"War Thunder - Leopard (한국어판)";"액션"
346;"War Thunder - Leopard (한국어판)";"액션"
347;"War Thunder - M728 CEV (한국어판)";"시뮬레이션"
348;"War Thunder - M728 CEV (한국어판)";"액션"
349;"War Thunder - Merkava Mk.2D (한국어판)";"시뮬레이션"
350;"War Thunder - Merkava Mk.2D (한국어판)";"액션"
351;"War Thunder - Mirage F1C-200 (한국어판)";"시뮬레이션"
352;"War Thunder - Mirage F1C-200 (한국어판)";"액션"
353;"War Thunder - Rooikat 105 (영어판)";"액션"
354;"War Thunder - Rooivalk (한국어판)";"시뮬레이션"
355;"War Thunder - Rooivalk (한국어판)";"액션"
356;"War Thunder - Somua SM (한국어판)";"시뮬레이션"
357;"War Thunder - Somua SM (한국어판)";"액션"
358;"War Thunder - Somua SM (한국어판)";"유니크"
359;"War Thunder - Su-25K Bundle (영어, 일본어)";"시뮬레이션"
360;"War Thunder - Su-25K Bundle (영어, 일본어)";"액션"
361;"War Thunder - Super AMX-30 (영어판)";"액션"
362;"War Thunder - Swedish Starter Pack (한국어판)";"시뮬레이션"
363;"War Thunder - Swedish Starter Pack (한국어판)";"액션"
364;"War Thunder - Tu-1 Pack (한국어판)";"시뮬레이션"
365;"War Thunder - Tu-1 Pack (한국어판)";"액션"
366;"War Thunder - Type 16 (FPS) (한국어판)";"시뮬레이션"
367;"War Thunder - Type 16 (FPS) (한국어판)";"액션"
368;"War Thunder - Type 16 (FPS) Bundle (영어, 일본어)";"시뮬레이션"
369;"War Thunder - Type 16 (FPS) Bundle (영어, 일본어)";"액션"
370;"War Thunder - Type 96A Prototype (한국어판)";"시뮬레이션"
371;"War Thunder - Type 96A Prototype (한국어판)";"액션"
372;"War Thunder - US Starter Bundle (영어, 일본어)";"시뮬레이션"
373;"War Thunder - US Starter Bundle (영어, 일본어)";"액션"
374;"War Thunder - US Starter Pack (영어판)";"액션"
375;"War Thunder - USS Des Moines (한국어판)";"시뮬레이션"
376;"War Thunder - USS Des Moines (한국어판)";"액션"
377;"War Thunder - USS CA-134 Des Moines 1948 Bundle (영어, 일본어)";"시뮬레이션"
378;"War Thunder - USS CA-134 Des Moines 1948 Bundle (영어, 일본어)";"액션"
379;"War Thunder - USSR Starter Pack (영어판)";"액션"
380;"War Thunder - VRCC Centauro (한국어판)";"시뮬레이션"
381;"War Thunder - VRCC Centauro (한국어판)";"액션"
382;"War Thunder - Super Sherman M51 (한국어판)";"시뮬레이션"
383;"War Thunder - Super Sherman M51 (한국어판)";"액션"
384;"War Thunder - XM-1 General Motors (한국어판)";"액션"
385;"War Thunder - XM-1 General Motors (한국어판)";"액션"
386;"War Thunder - Т-55АМ-1 (한국어판)";"액션"
387;"War Thunder - Т-55АМ-1 (한국어판)";"액션"
388;"파이터 팩 1 (영어판)";"격투"
389;"파이터 팩 2 (영어판)";"격투"
390;"파이터 팩 3 (영어판)";"격투"
391;"무한 트랜스폼 (영어판)";"격투"
392;"무법자 부족 네메시스 확장팩 (한국어판)";"액션"
393;"도살자 부족 네메시스 확장팩 (한국어판)";"액션"
394;"갈라드리엘의 검 이야기 확장팩 (한국어판)";"액션"
395;"모르도르의 황무지 이야기 확장팩 (한국어판)";"액션"
396;"Capcom Arcade 2nd Stadium: 1943 Kai - Midway Kaisen - (한국어판)";"아케이드"
397;"Capcom Arcade 2nd Stadium: A.K.A BLOCK BLOCK (한국어판)";"아케이드"
398;"Capcom Arcade 2nd Stadium: A.K.A KNIGHTS OF THE ROUND (한국어판)";"아케이드"
399;"Capcom Arcade 2nd Stadium: A.K.A MAGIC SWORD (한국어판)";"아케이드"
400;"Capcom Arcade 2nd Stadium: A.K.A THE KING OF DRAGONS (한국어판)";"아케이드"
401;"Capcom Arcade 2nd Stadium: A.K.A VAMPIRE SAVIOR - The Lord of Vampire - (한국어판)";"아케이드"
402;"Capcom Arcade 2nd Stadium: BLACK TIGER (한국어판)";"아케이드"
403;"Capcom Arcade 2nd Stadium: Capcom Sports Club (한국어판)";"아케이드"
404;"Capcom Arcade 2nd Stadium: DARKSTALKERS - The Night Warriors - (한국어판)";"아케이드"
405;"Capcom Arcade 2nd Stadium: ECO FIGHTERS (한국어판)";"아케이드"
406;"Capcom Arcade 2nd Stadium: Gan Sumoku (한국어판)";"아케이드"
407;"Capcom Arcade 2nd Stadium: Hissatsu Buraiken (한국어판)";"아케이드"
408;"Capcom Arcade 2nd Stadium: HYPER DYNE SIDE ARMS (한국어판)";"아케이드"
409;"Capcom Arcade 2nd Stadium: HYPER STREET FIGHTER II - The Anniversary Edition - (한국어판)";"아케이드"
410;"Capcom Arcade 2nd Stadium: LAST DUEL (한국어판)";"아케이드"
411;"Capcom Arcade 2nd Stadium: MEGAMAN - THE POWER BATTLE - (한국어판)";"아케이드"
412;"Capcom Arcade 2nd Stadium: MEGAMAN 2 - THE POWER FIGHTERS - (한국어판)";"아케이드"
413;"Capcom Arcade 2nd Stadium: NIGHT WARRIORS - Darkstalkers' Revenge - (한국어판)";"아케이드"
414;"Capcom Arcade 2nd Stadium: Pnickies (한국어판)";"아케이드"
415;"Capcom Arcade 2nd Stadium: Rally 2011 LED STORM (한국어판)";"아케이드"
416;"Capcom Arcade 2nd Stadium: SATURDAY NIGHT SLAM MASTERS (한국어판)";"아케이드"
417;"Capcom Arcade 2nd Stadium: SAVAGE BEES (한국어판)";"아케이드"
418;"Capcom Arcade 2nd Stadium: STREET FIGHTER (한국어판)";"아케이드"
419;"Capcom Arcade 2nd Stadium: STREET FIGHTER ALPHA - WARRIORS' DREAMS - (한국어판)";"아케이드"
420;"Capcom Arcade 2nd Stadium: STREET FIGHTER ALPHA 2 (한국어판)";"아케이드"
421;"Capcom Arcade 2nd Stadium: STREET FIGHTER ALPHA 3 (한국어판)";"아케이드"
422;"Capcom Arcade 2nd Stadium: SUPER GEM FIGHTER - MINI MIX - (한국어판)";"아케이드"
423;"Capcom Arcade 2nd Stadium: SUPER PUZZLE FIGHTER II TURBO (한국어판)";"아케이드"
424;"Capcom Arcade 2nd Stadium: The Speed Rumbler (한국어판)";"아케이드"
425;"Capcom Arcade 2nd Stadium: THREE WONDERS (한국어판)";"아케이드"
426;"Capcom Arcade 2nd Stadium: Tiger Road (한국어판)";"아케이드"
427;"Capcom Arcade Stadium：1941 - Counter Attack - (한국어판)";"아케이드"
428;"Capcom Arcade Stadium：1942 (한국어판)";"아케이드"
429;"Capcom Arcade Stadium：1944 - The Loop Master - (한국어판)";"아케이드"
430;"Capcom Arcade Stadium：19XX - The War Against Destiny - (한국어판)";"아케이드"
431;"Capcom Arcade Stadium：Battle Circuit (한국어판)";"아케이드"
432;"Capcom Arcade Stadium：BIONIC COMMANDO (한국어판)";"아케이드"
433;"Capcom Arcade Stadium：CAPTAIN COMMANDO (한국어판)";"아케이드"
434;"Capcom Arcade Stadium：CARRIER AIR WING (한국어판)";"아케이드"
435;"Capcom Arcade Stadium：COMMANDO (한국어판)";"아케이드"
436;"Capcom Arcade Stadium：CYBERBOTS - FULLMETAL MADNESS - (한국어판)";"아케이드"
437;"Capcom Arcade Stadium：DYNASTY WARS (한국어판)";"아케이드"
438;"Capcom Arcade Stadium：FINAL FIGHT (한국어판)";"아케이드"
439;"Capcom Arcade Stadium：FORGOTTEN WORLDS (한국어판)";"아케이드"
440;"Capcom Arcade Stadium：Ghosts 'n Goblins (한국어판)";"아케이드"
441;"Capcom Arcade Stadium：Ghouls 'n Ghosts (한국어판)";"아케이드"
442;"Capcom Arcade Stadium：Giga Wing (한국어판)";"아케이드"
443;"Capcom Arcade Stadium：LEGENDARY WINGS (한국어판)";"아케이드"
444;"Capcom Arcade Stadium：MEGA TWINS (한국어판)";"아케이드"
445;"Capcom Arcade Stadium：PIRATE SHIP HIGEMARU (한국어판)";"아케이드"
446;"Capcom Arcade Stadium：Powered Gear - Strategic Variant Armor Equipment - (한국어판)";"아케이드"
447;"Capcom Arcade Stadium：Progear (한국어판)";"아케이드"
448;"Capcom Arcade Stadium：SECTION Z (한국어판)";"아케이드"
449;"Capcom Arcade Stadium：Senjo no OkamiⅡ (한국어판)";"아케이드"
450;"Capcom Arcade Stadium：STREET FIGHTER II' - Hyper Fighting - (한국어판)";"아케이드"
451;"Capcom Arcade Stadium：STREET FIGHTER II - The World Warrior - (한국어판)";"아케이드"
452;"Capcom Arcade Stadium：STRIDER (한국어판)";"아케이드"
453;"Capcom Arcade Stadium：SUPER STREET FIGHTER IITURBO (한국어판)";"아케이드"
454;"Capcom Arcade Stadium：Tatakai no Banka (한국어판)";"아케이드"
455;"Capcom Arcade Stadium：VARTH - Operation Thunderstorm - (한국어판)";"아케이드"
456;"Capcom Arcade Stadium：VULGUS (한국어판)";"아케이드"
457;"Capcom Arcade Stadium：WARRIORS OF FATE (한국어판)";"아케이드"
458;"Generation Zero® - Alpine Unrest (한국어판)";"액션"
459;"Generation Zero® - Alpine Unrest (한국어판)";"어드벤처"
460;"Generation Zero® - Alpine Unrest (한국어판)";"슈팅"
461;"Generation Zero® - Schweet Vanity Pack (한국어판)";"액션"
462;"Generation Zero® - Schweet Vanity Pack (한국어판)";"어드벤처"
463;"Generation Zero® - Schweet Vanity Pack (한국어판)";"슈팅"
464;"Generation Zero® - Base Defense Pack (한국어판)";"액션"
465;"Generation Zero® - Base Defense Pack (한국어판)";"어드벤처"
466;"Generation Zero® - Base Support Pack (한국어판)";"액션"
467;"Generation Zero® - Base Support Pack (한국어판)";"어드벤처"
468;"Generation Zero ® - Camo Weapon Skins Pack (한국어판)";"액션"
469;"Generation Zero ® - Camo Weapon Skins Pack (한국어판)";"어드벤처"
470;"Generation Zero ® - Eastern European Weapons Pack (한국어판)";"액션"
471;"Generation Zero ® - Eastern European Weapons Pack (한국어판)";"어드벤처"
472;"Generation Zero® - FNIX Rising (한국어판)";"액션"
473;"Generation Zero® - FNIX Rising (한국어판)";"어드벤처"
474;"Generation Zero® - FNIX Rising (한국어판)";"슈팅"
475;"Generation Zero® - Motorbikes Pack (한국어판)";"액션"
476;"Generation Zero® - Motorbikes Pack (한국어판)";"어드벤처"
477;"Generation Zero® - Resistance Bundle (영어)";"액션"
478;"Generation Zero® - Resistance Bundle (영어)";"어드벤처"
479;"Generation Zero® - Resistance Bundle (영어)";"유니크"
480;"Generation Zero® - Resistance Weapons Pack (한국어판)";"액션"
481;"Generation Zero® - Resistance Weapons Pack (한국어판)";"어드벤처"
482;"Generation Zero® - Soviet Weapons Pack (한국어판)";"액션"
483;"Generation Zero® - Soviet Weapons Pack (한국어판)";"어드벤처"
484;"Generation Zero® - Tactical Equipment Pack (한국어판)";"액션"
485;"Generation Zero® - Tactical Equipment Pack (한국어판)";"어드벤처"
486;"Generation Zero® - Tactical Equipment Pack 2 (한국어판)";"액션"
487;"Generation Zero® - Tactical Equipment Pack 2 (한국어판)";"어드벤처"
488;"Generation Zero® - US Weapons Pack (한국어판)";"액션"
489;"Generation Zero® - US Weapons Pack (한국어판)";"어드벤처"
490;"Generation Zero® - US Weapons Pack (한국어판)";"슈팅"
491;"Generation Zero® - US Weapons Pack 2 (한국어판)";"액션"
492;"Generation Zero® - US Weapons Pack 2 (한국어판)";"어드벤처"
493;"볼텍스계 BGM 변경팩 1·진 여신전생 (한국어판)";"롤플레잉 게임"
494;"볼텍스계 BGM 변경팩 2·진 여신전생Ⅱ (한국어판)";"롤플레잉 게임"
495;"볼텍스계 BGM 변경팩 3·진 여신전생Ⅳ (한국어판)";"롤플레잉 게임"
496;"볼텍스계 BGM 변경팩 4·진 여신전생Ⅳ FINAL (한국어판)";"롤플레잉 게임"
497;"The Jumping Ice Cream (영어)";"시뮬레이션"
498;"The Jumping Ice Cream: TURBO (영어)";"시뮬레이션"
499;"The Jumping Ice Cream: TURBO (영어)";"시뮬레이터"
500;"The Jumping Sushi (영어)";"시뮬레이션"
501;"The Jumping Sushi (영어)";"시뮬레이터"
502;"The Jumping Sushi: TURBO (영어)";"시뮬레이션"
503;"The Jumping Sushi: TURBO (영어)";"시뮬레이터"
504;"Quiz Thiz Germany: Bronze Edition (영어)";"두뇌개발"
505;"Quiz Thiz Germany: Bronze Edition (영어)";"퀴즈"
506;"Quiz Thiz Germany: Silver Edition (영어)";"두뇌개발"
507;"Quiz Thiz Germany: Silver Edition (영어)";"퀴즈"
508;"Quiz Thiz Germany: Gold Edition (영어)";"두뇌개발"
509;"Quiz Thiz Germany: Gold Edition (영어)";"퀴즈"
510;"Quiz Thiz Croatia (영어)";"두뇌개발"
511;"Quiz Thiz Croatia (영어)";"퀴즈"
512;"Quiz Thiz Italy: Bronze Edition (영어)";"두뇌개발"
513;"Quiz Thiz Italy: Bronze Edition (영어)";"퀴즈"
514;"Quiz Thiz Italy: Silver Edition (영어)";"두뇌개발"
515;"Quiz Thiz Italy: Silver Edition (영어)";"퀴즈"
516;"Quiz Thiz Austria: Bronze Edition (영어)";"두뇌개발"
517;"Quiz Thiz Austria: Bronze Edition (영어)";"퀴즈"
518;"Quiz Thiz Austria: Silver Edition (영어)";"두뇌개발"
519;"Quiz Thiz Austria: Silver Edition (영어)";"퀴즈"
520;"Quiz Thiz Italy (영어)";"두뇌개발"
521;"Quiz Thiz Italy (영어)";"퀴즈"
522;"Quiz Thiz Germany (영어)";"두뇌개발"
523;"Quiz Thiz Germany (영어)";"퀴즈"
524;"The Jumping Chicken Wings (영어)";"시뮬레이션"
525;"The Jumping Chicken Wings (영어)";"시뮬레이터"
526;"The Jumping Brownie (영어)";"시뮬레이션"
527;"The Jumping Brownie (영어)";"시뮬레이터"
528;"Quiz Thiz Italy: Gold Edition (영어)";"두뇌개발"
529;"Quiz Thiz Italy: Gold Edition (영어)";"퀴즈"
530;"The Jumping Bagel (영어)";"시뮬레이션"
531;"The Jumping Bagel (영어)";"시뮬레이터"
532;"The Jumping Chocolate (영어)";"시뮬레이션"
533;"The Jumping Chocolate (영어)";"시뮬레이터"
534;"The Jumping Chocolate: TURBO (영어)";"시뮬레이션"
535;"The Jumping Chocolate: TURBO (영어)";"시뮬레이터"
536;"Quiz Thiz Austria: Gold Edition (영어)";"두뇌개발"
537;"Quiz Thiz Austria: Gold Edition (영어)";"퀴즈"
538;"The Jumping Brownie: TURBO (영어)";"시뮬레이션"
539;"The Jumping Brownie: TURBO (영어)";"시뮬레이터"
540;"The Jumping Burrito: TURBO (영어)";"시뮬레이션"
541;"The Jumping Burrito: TURBO (영어)";"시뮬레이터"
542;"The Jumping Churros: TURBO (영어)";"시뮬레이션"
543;"The Jumping Churros: TURBO (영어)";"시뮬레이터"
544;"Quiz Thiz France: Silver Editon (영어)";"두뇌개발"
545;"Quiz Thiz France: Silver Editon (영어)";"퀴즈"
546;"The Jumping Coffee (영어)";"시뮬레이션"
547;"The Jumping Coffee (영어)";"시뮬레이터"
548;"The Jumping Burrito (영어)";"시뮬레이션"
549;"The Jumping Burrito (영어)";"시뮬레이터"
550;"Quiz Thiz Austria (영어)";"두뇌개발"
551;"Quiz Thiz Austria (영어)";"퀴즈"
552;"Quiz Thiz United Kingdom: Bronze Edition (영어)";"두뇌개발"
553;"Quiz Thiz United Kingdom: Bronze Edition (영어)";"퀴즈"
554;"Quiz Thiz France: Bronze Editon (영어)";"두뇌개발"
555;"Quiz Thiz France: Bronze Editon (영어)";"퀴즈"
556;"The Jumping Burger - Halloween Edition: TURBO (영어)";"시뮬레이션"
557;"The Jumping Burger - Halloween Edition: TURBO (영어)";"시뮬레이터"
558;"The Jumping Chicken Wings: TURBO (영어)";"시뮬레이션"
559;"The Jumping Chicken Wings: TURBO (영어)";"시뮬레이터"
560;"Quiz Thiz USA: Bronze Edition (영어)";"두뇌개발"
561;"Quiz Thiz USA: Bronze Edition (영어)";"퀴즈"
562;"Quiz Thiz United Kingdom: Gold Edition (영어)";"두뇌개발"
563;"Quiz Thiz United Kingdom: Gold Edition (영어)";"퀴즈"
564;"The Jumping Churros (영어)";"시뮬레이션"
565;"The Jumping Churros (영어)";"시뮬레이터"
566;"The Jumping Burger - Halloween Edition (영어)";"시뮬레이션"
567;"The Jumping Burger - Halloween Edition (영어)";"시뮬레이터"
568;"The Jumping Taco (영어)";"시뮬레이션"
569;"The Jumping Taco (영어)";"시뮬레이터"
570;"The Jumping Bagel: TURBO (영어)";"시뮬레이션"
571;"The Jumping Bagel: TURBO (영어)";"시뮬레이터"
572;"Quiz Thiz Spain: Silver Edition (영어)";"두뇌개발"
573;"Quiz Thiz Spain: Silver Edition (영어)";"퀴즈"
574;"The Jumping Coffee: TURBO (영어)";"시뮬레이션"
575;"The Jumping Coffee: TURBO (영어)";"시뮬레이터"
576;"Quiz Thiz USA: Gold Edition (영어)";"두뇌개발"
577;"Quiz Thiz USA: Gold Edition (영어)";"퀴즈"
578;"Quiz Thiz Spain: Bronze Edition (영어)";"두뇌개발"
579;"Quiz Thiz Spain: Bronze Edition (영어)";"퀴즈"
580;"The Jumping Lasagne (영어)";"시뮬레이션"
581;"The Jumping Lasagne (영어)";"시뮬레이터"
582;"The Jumping Choco Santa: TURBO (영어)";"시뮬레이션"
583;"The Jumping Choco Santa: TURBO (영어)";"시뮬레이터"
584;"Quiz Thiz France: Gold Editon (영어)";"두뇌개발"
585;"Quiz Thiz France: Gold Editon (영어)";"퀴즈"
586;"The Jumping Onigiri (영어)";"시뮬레이션"
587;"The Jumping Onigiri (영어)";"시뮬레이터"
588;"The Jumping Onigiri: TURBO (영어)";"시뮬레이션"
589;"The Jumping Onigiri: TURBO (영어)";"시뮬레이터"
590;"The Jumping Nuggets (영어)";"시뮬레이션"
591;"The Jumping Nuggets (영어)";"시뮬레이터"
592;"The Jumping Lasagne: TURBO (영어)";"시뮬레이션"
593;"The Jumping Lasagne: TURBO (영어)";"시뮬레이터"
594;"Archers Dream - PS4 & PS5 (영어)";"액션"
595;"The Jumping Noodles (영어)";"시뮬레이션"
596;"The Jumping Noodles (영어)";"시뮬레이터"
597;"The Jumping Pasta (영어)";"시뮬레이션"
598;"The Jumping Pasta (영어)";"시뮬레이터"
599;"Quiz Thiz United Kingdom: Silver Edition (영어)";"두뇌개발"
600;"Quiz Thiz United Kingdom: Silver Edition (영어)";"퀴즈"
601;"The Jumping Cookie: TURBO (영어)";"시뮬레이션"
602;"The Jumping Cookie: TURBO (영어)";"시뮬레이터"
603;"The Jumping Gingerbread: TURBO (영어)";"시뮬레이션"
604;"The Jumping Gingerbread: TURBO (영어)";"시뮬레이터"
605;"The Jumping Cookie (영어)";"시뮬레이션"
606;"The Jumping Cookie (영어)";"시뮬레이터"
607;"The Jumping Kebab (영어)";"시뮬레이션"
608;"The Jumping Kebab (영어)";"시뮬레이터"
609;"The Jumping Pasta: TURBO (영어)";"시뮬레이션"
610;"The Jumping Pasta: TURBO (영어)";"시뮬레이터"
611;"Quiz Thiz Spain: Gold Edition (영어)";"두뇌개발"
612;"Quiz Thiz Spain: Gold Edition (영어)";"퀴즈"
613;"The Jumping Fries (영어)";"시뮬레이션"
614;"The Jumping Fries (영어)";"시뮬레이터"
615;"The Jumping Noodles: TURBO (영어)";"시뮬레이션"
616;"The Jumping Noodles: TURBO (영어)";"시뮬레이터"
617;"The Jumping Kebab: TURBO (영어)";"시뮬레이션"
618;"The Jumping Kebab: TURBO (영어)";"시뮬레이터"
619;"The Jumping Salad (영어)";"시뮬레이션"
620;"The Jumping Salad (영어)";"시뮬레이터"
621;"The Jumping Salad: TURBO (영어)";"시뮬레이션"
622;"The Jumping Salad: TURBO (영어)";"시뮬레이터"
623;"The Jumping Choco Santa (영어)";"시뮬레이션"
624;"The Jumping Choco Santa (영어)";"시뮬레이터"
625;"The Jumping Nuggets: TURBO (영어)";"시뮬레이션"
626;"The Jumping Nuggets: TURBO (영어)";"시뮬레이터"
627;"The Jumping Gingerbread (영어)";"시뮬레이션"
628;"The Jumping Gingerbread (영어)";"시뮬레이터"
629;"The Jumping Hot Dog (영어)";"시뮬레이션"
630;"The Jumping Hot Dog (영어)";"시뮬레이터"
631;"The Jumping Muffin (영어)";"시뮬레이션"
632;"The Jumping Muffin (영어)";"시뮬레이터"
633;"Quiz Thiz France (영어)";"두뇌개발"
634;"Quiz Thiz France (영어)";"퀴즈"
635;"The Jumping Fries: TURBO (영어)";"시뮬레이션"
636;"The Jumping Fries: TURBO (영어)";"시뮬레이터"
637;"The Jumping Muffin: TURBO (영어)";"시뮬레이션"
638;"The Jumping Muffin: TURBO (영어)";"시뮬레이터"
639;"Quiz Thiz United Kingdom (영어)";"두뇌개발"
640;"Quiz Thiz United Kingdom (영어)";"퀴즈"
641;"Quiz Thiz Spain (영어)";"두뇌개발"
642;"Quiz Thiz Spain (영어)";"퀴즈"
643;"The Jumping Tofu (영어)";"시뮬레이션"
644;"The Jumping Tofu (영어)";"시뮬레이터"
645;"The Jumping Hot Dog: TURBO (영어)";"시뮬레이션"
646;"The Jumping Hot Dog: TURBO (영어)";"시뮬레이터"
647;"The Jumping Tofu: TURBO (영어)";"시뮬레이션"
648;"The Jumping Tofu: TURBO (영어)";"시뮬레이터"
649;"The Jumping Quesadilla: TURBO (영어)";"시뮬레이션"
650;"The Jumping Quesadilla: TURBO (영어)";"시뮬레이터"
651;"The Jumping Sandwich (영어)";"시뮬레이션"
652;"The Jumping Sandwich (영어)";"시뮬레이터"
653;"The Jumping Pizza: TURBO (영어)";"시뮬레이션"
654;"The Jumping Pizza: TURBO (영어)";"시뮬레이터"
655;"The Jumping Sandwich: TURBO (영어)";"시뮬레이션"
656;"The Jumping Sandwich: TURBO (영어)";"시뮬레이터"
657;"The Jumping Taco: TURBO (영어)";"시뮬레이션"
658;"The Jumping Taco: TURBO (영어)";"시뮬레이터"
659;"The Jumping Quesadilla (영어)";"시뮬레이션"
660;"The Jumping Quesadilla (영어)";"시뮬레이터"
661;"The Jumping Soda (영어)";"시뮬레이션"
662;"The Jumping Soda (영어)";"시뮬레이터"
663;"The Jumping Pumpkin: TURBO (영어)";"시뮬레이션"
664;"The Jumping Pumpkin: TURBO (영어)";"시뮬레이터"
665;"The Jumping Pumpkin - Halloween Edition (영어)";"시뮬레이션"
666;"The Jumping Pumpkin - Halloween Edition (영어)";"시뮬레이터"
667;"The Jumping Soda: TURBO (영어)";"시뮬레이션"
668;"The Jumping Soda: TURBO (영어)";"시뮬레이터"
669;"The Jumping Pizza (영어)";"시뮬레이션"
670;"The Jumping Pizza (영어)";"시뮬레이터"
671;"The Jumping Pumpkin (영어)";"시뮬레이션"
672;"The Jumping Pumpkin (영어)";"시뮬레이터"
673;"The Jumping Burger (영어)";"시뮬레이션"
674;"The Jumping Burger (영어)";"시뮬레이터"
675;"The Jumping Pumpkin - Halloween Edition: TURBO (영어)";"시뮬레이션"
676;"The Jumping Pumpkin - Halloween Edition: TURBO (영어)";"시뮬레이터"
677;"The Jumping Burger: TURBO (영어)";"시뮬레이션"
678;"The Jumping Burger: TURBO (영어)";"시뮬레이터"
679;"The Jumping Wrap: TURBO (영어)";"시뮬레이션"
680;"The Jumping Wrap: TURBO (영어)";"시뮬레이터"
681;"The Jumping Wrap (영어)";"시뮬레이션"
682;"The Jumping Wrap (영어)";"시뮬레이터"
683;"Mr. Hibbl - PS4 & PS5 (중국어(간체자), 영어)";"어드벤처"
684;"Mr. Hibbl - PS4 & PS5 (중국어(간체자), 영어)";"캐주얼"
685;"Quiz Thiz USA (영어)";"두뇌개발"
686;"Quiz Thiz USA (영어)";"퀴즈"
