"NUM";"TITLE";"GENRE"
1;"Red Square Escape";"아케이드"
2;"Red Square Escape";"퍼즐"
3;"Red Square Escape";"기타"
4;"Crazy Gravity";"액션"
5;"Crazy Gravity";"어드벤처"
6;"Crazy Gravity";"퍼즐"
7;"Sweets Swap";"액션"
8;"Sweets Swap";"퍼즐"
9;"Sweets Swap";"보드"
10;"Sweets Swap";"기타"
11;"Super Arcade Soccer 2021";"파티"
12;"Super Arcade Soccer 2021";"스포츠"
13;"Super Arcade Soccer 2021";"아케이드"
14;"퍼펙트! 슈퍼 몽키 볼 1&2 리메이크";"액션"
15;"퍼펙트! 슈퍼 몽키 볼 1&2 리메이크";"파티"
16;"퍼펙트! 슈퍼 몽키 볼 1&2 리메이크";"아케이드"
17;"MELTY BLOOD: TYPE LUMINA - Deluxe Edition";"격투"
18;"MELTY BLOOD: TYPE LUMINA";"격투"
19;"엠버 (Embr)";"액션"
20;"엠버 (Embr)";"전략"
21;"엠버 (Embr)";"시뮬레이션"
22;"Escape First 2";"어드벤처"
23;"Escape First 2";"퍼즐"
24;"Escape First 2";"기타"
25;"Escape First 3";"어드벤처"
26;"Escape First 3";"퍼즐"
27;"Escape First 3";"기타"
28;"Escape First";"어드벤처"
29;"Escape First";"퍼즐"
30;"Escape First";"기타"
31;"룬 팩토리 5";"액션"
32;"룬 팩토리 5";"RPG"
33;"아웃 오브 라인 (Out of Line)";"액션"
34;"아웃 오브 라인 (Out of Line)";"어드벤처"
35;"아웃 오브 라인 (Out of Line)";"퍼즐"
36;"Classic Games Collection Vol.1";"파티"
37;"Classic Games Collection Vol.1";"퍼즐"
38;"Classic Games Collection Vol.1";"보드"
39;"엘디스트 소울";"액션"
40;"엘디스트 소울";"어드벤처"
41;"Pizza Bar Tycoon - 피자 바 타이쿤";"어드벤처"
42;"Pizza Bar Tycoon - 피자 바 타이쿤";"전략"
43;"Pizza Bar Tycoon - 피자 바 타이쿤";"퍼즐"
44;"Pizza Bar Tycoon - 피자 바 타이쿤";"시뮬레이션"
45;"Street Basketball - 길거리 농구";"액션"
46;"Street Basketball - 길거리 농구";"파티"
47;"Street Basketball - 길거리 농구";"스포츠"
48;"크리스 테일즈 (Cris Tales)";"액션"
49;"크리스 테일즈 (Cris Tales)";"어드벤처"
50;"Klondike Solitaire - 클론다이크 솔리테어";"어드벤처"
51;"Klondike Solitaire - 클론다이크 솔리테어";"전략"
52;"Klondike Solitaire - 클론다이크 솔리테어";"퍼즐"
53;"Klondike Solitaire - 클론다이크 솔리테어";"보드"
54;"Dyna Bomb";"액션"
55;"Dyna Bomb";"어드벤처"
56;"Dyna Bomb";"아케이드"
57;"Dyna Bomb";"기타"
58;"알렉스 키드 인 미라클 월드 DX (Alex Kidd in Miracle World DX)";"어드벤처"
59;"Worms Rumble";"전략"
60;"Worms Rumble";"슈팅"
61;"Worms Rumble";"기타"
62;"Mighty Goose (마이티 구스)";"액션"
63;"Mighty Goose (마이티 구스)";"아케이드"
64;"Mighty Goose (마이티 구스)";"슈팅"
65;"Slide Stars 슬라이드 스타즈";"액션"
66;"Slide Stars 슬라이드 스타즈";"스포츠"
67;"Slide Stars 슬라이드 스타즈";"아케이드"
68;"Godstrike";"액션"
69;"Godstrike";"어드벤처"
70;"Godstrike";"아케이드"
71;"Godstrike";"슈팅"
72;"Rusty Spout Rescue Adventure";"액션"
73;"Rusty Spout Rescue Adventure";"아케이드"
74;"Rusty Spout Rescue Adventure";"격투"
75;"Rusty Spout Rescue Adventure";"퍼즐"
76;"The Wanderer: Frankenstein’s Creature(방랑자 프랑켄슈타인의 창조물)";"어드벤처"
77;"Lofi Ping Pong";"음악"
78;"Lofi Ping Pong";"스포츠"
79;"Food Truck Tycoon - 푸드 트럭 타이쿤";"어드벤처"
80;"Food Truck Tycoon - 푸드 트럭 타이쿤";"전략"
81;"Food Truck Tycoon - 푸드 트럭 타이쿤";"퍼즐"
82;"Food Truck Tycoon - 푸드 트럭 타이쿤";"시뮬레이션"
83;"던전마을 스토리(Dungeon Village)";"전략"
84;"던전마을 스토리(Dungeon Village)";"아케이드"
85;"던전마을 스토리(Dungeon Village)";"격투"
86;"던전마을 스토리(Dungeon Village)";"시뮬레이션"
87;"Cozy Grove";"RPG"
88;"Cozy Grove";"어드벤처"
89;"Cozy Grove";"퍼즐"
90;"Cozy Grove";"시뮬레이션"
91;"모비드: 일곱 명의 사도";"액션"
92;"모비드: 일곱 명의 사도";"어드벤처"
93;"다리우스 버스트ACEX+ （DARIUSBURST ANOTHER CHRONICLE EX+）";"액션"
94;"다리우스 버스트ACEX+ （DARIUSBURST ANOTHER CHRONICLE EX+）";"아케이드"
95;"다리우스 버스트ACEX+ （DARIUSBURST ANOTHER CHRONICLE EX+）";"슈팅"
96;"Among Us";"파티"
97;"Among Us";"전략"
98;"Among Us";"기타"
99;"Among Us";"커뮤니케이션"
100;"고스트러너";"액션"
101;"고스트러너";"어드벤처"
102;"Fight of Animals";"액션"
103;"Fight of Animals";"스포츠"
104;"Fight of Animals";"아케이드"
105;"Fight of Animals";"격투"
106;"Despotism 3k";"전략"
107;"Despotism 3k";"아케이드"
108;"Despotism 3k";"시뮬레이션"
109;"스피릿 오브 더 노스";"어드벤처"
110;"스피릿 오브 더 노스";"퍼즐"
111;"테니스 월드 투어 2";"스포츠"
112;"테니스 월드 투어 2";"시뮬레이션"
113;"테니스 월드 투어 2";"기타"
114;"로키";"어드벤처"
115;"로키";"퍼즐"
116;"로키";"기타"
117;"아리와 사계절의 비밀";"액션"
118;"아리와 사계절의 비밀";"RPG"
119;"아리와 사계절의 비밀";"어드벤처"
120;"Superliminal";"어드벤처"
121;"Superliminal";"퍼즐"
122;"Superliminal";"슈팅"
123;"에이오 테니스 2";"스포츠"
124;"Trials Rising Standard Edition";"액션"
125;"Trials Rising Standard Edition";"파티"
126;"Trials Rising Standard Edition";"레이싱"
127;"TT 아일 오브 맨";"레이싱"
128;"고스트버스터즈: 더 비디오 게임 리마스터드";"액션"
129;"고스트버스터즈: 더 비디오 게임 리마스터드";"슈팅"
130;"오메가 라비린스 라이프";"RPG"
131;"프로젝트 하이라이즈: 아키텍트 에디션";"시뮬레이션"
132;"Onimusha: Warlords";"액션"
133;"빅터 브란 오버킬 에디션 (Victor Vran Overkill Edition)";"액션"
134;"빅터 브란 오버킬 에디션 (Victor Vran Overkill Edition)";"어드벤처"
135;"테니스 월드 투어(Tennis World Tour)";"스포츠"
136;"욘더: 클라우드 캐쳐 크로니클 (Yonder: The Cloud Catcher Chronicles)";"RPG"
137;"욘더: 클라우드 캐쳐 크로니클 (Yonder: The Cloud Catcher Chronicles)";"어드벤처"
138;"해피 버스데이즈(Happy Birthdays)";"시뮬레이션"
139;"포탈 나이츠";"액션"
140;"포탈 나이츠";"RPG"
141;"SteamWorld Build";"전략"
142;"SteamWorld Build";"시뮬레이션"
143;"Guns and Spurs 2";"액션"
144;"Guns and Spurs 2";"어드벤처"
145;"Guns and Spurs 2";"슈팅"
146;"BIG BALL SPORTS";"액션"
147;"BIG BALL SPORTS";"파티"
148;"BIG BALL SPORTS";"스포츠"
149;"BIG BALL SPORTS";"아케이드"
150;"Worldless";"액션"
151;"Worldless";"어드벤처"
152;"DYSCHRONIA: Chronos Alternate - Definitive Edition";"액션"
153;"DYSCHRONIA: Chronos Alternate - Definitive Edition";"어드벤처"
154;"Dream Town Island(섬도시 스토리)";"어드벤처"
155;"Dream Town Island(섬도시 스토리)";"전략"
156;"Dream Town Island(섬도시 스토리)";"시뮬레이션"
157;"Dream Town Island(섬도시 스토리)";"기타"
158;"스피릿티";"RPG"
159;"스피릿티";"어드벤처"
160;"스피릿티";"퍼즐"
161;"Criss Cross";"어드벤처"
162;"Criss Cross";"시뮬레이션"
163;"Criss Cross";"기타"
164;"People Will Money";"파티"
165;"People Will Money";"전략"
166;"People Will Money";"보드"
167;"People Will Money";"커뮤니케이션"
168;"Grace of Letoile";"RPG"
169;"Grace of Letoile";"어드벤처"
170;"Jigsaw Advent Calendar";"퍼즐"
171;"Jigsaw Advent Calendar";"시뮬레이션"
172;"Jigsaw Advent Calendar";"보드"
173;"Jigsaw Advent Calendar";"기타"
174;"What The Duck";"액션"
175;"What The Duck";"RPG"
176;"What The Duck";"어드벤처"
177;"What The Duck";"격투"
178;"Erogods: Olympus";"아케이드"
179;"Erogods: Olympus";"퍼즐"
180;"Erogods: Olympus";"시뮬레이션"
181;"Erogods: Olympus";"트레이닝"
182;"Prison Break: 감옥 탈출 시뮬레이터";"어드벤처"
183;"Prison Break: 감옥 탈출 시뮬레이터";"아케이드"
184;"Prison Break: 감옥 탈출 시뮬레이터";"퍼즐"
185;"Prison Break: 감옥 탈출 시뮬레이터";"보드"
186;"PAWfectly Designed";"어드벤처"
187;"PAWfectly Designed";"퍼즐"
188;"PAWfectly Designed";"시뮬레이션"
189;"Alpha Particle";"액션"
190;"Alpha Particle";"퍼즐"
191;"Geometric Brothers";"액션"
192;"Geometric Brothers";"파티"
193;"Geometric Brothers";"레이싱"
194;"Geometric Brothers";"커뮤니케이션"
195;"Bang-On Balls: Chronicles";"액션"
196;"Bang-On Balls: Chronicles";"파티"
197;"Bang-On Balls: Chronicles";"슈팅"
198;"Bang-On Balls: Chronicles";"기타"
199;"Alive Paint";"퍼즐"
200;"Alive Paint";"기타"
201;"Alive Paint";"학습"
202;"Swapshot";"액션"
203;"Swapshot";"퍼즐"
204;"정원의 작은 친구";"어드벤처"
205;"정원의 작은 친구";"시뮬레이션"
206;"정원의 작은 친구";"학습"
207;"정원의 작은 친구";"실용"
208;"레전드 오브 쉐도우 마스크 오브 더 포스(The Legend of Shadow: Mask of the Force)";"액션"
209;"레전드 오브 쉐도우 마스크 오브 더 포스(The Legend of Shadow: Mask of the Force)";"RPG"
210;"레전드 오브 쉐도우 마스크 오브 더 포스(The Legend of Shadow: Mask of the Force)";"어드벤처"
211;"레전드 오브 쉐도우 마스크 오브 더 포스(The Legend of Shadow: Mask of the Force)";"아케이드"
212;"헌티드좀비 슬로터 2(Haunted Zombie Slaughter 2)";"액션"
213;"헌티드좀비 슬로터 2(Haunted Zombie Slaughter 2)";"어드벤처"
214;"헌티드좀비 슬로터 2(Haunted Zombie Slaughter 2)";"아케이드"
215;"헌티드좀비 슬로터 2(Haunted Zombie Slaughter 2)";"슈팅"
216;"아트 헤이스트 - 방탈출 모험(Art Heist - Escape Room Adventure)";"어드벤처"
217;"아트 헤이스트 - 방탈출 모험(Art Heist - Escape Room Adventure)";"퍼즐"
218;"CounterAttack: Uprising";"액션"
219;"CounterAttack: Uprising";"파티"
220;"CounterAttack: Uprising";"아케이드"
221;"CounterAttack: Uprising";"슈팅"
222;"뱀파이어: 마스커레이드 - 스완송 (Vampire: The Masquerade - Swansong)";"RPG"
223;"뱀파이어: 마스커레이드 - 스완송 (Vampire: The Masquerade - Swansong)";"어드벤처"
224;"Sentry City";"액션"
225;"Sentry City";"어드벤처"
226;"Sentry City";"아케이드"
227;"Sentry City";"슈팅"
228;"The Crisis Zone : 위기 지역";"액션"
229;"The Crisis Zone : 위기 지역";"어드벤처"
230;"The Crisis Zone : 위기 지역";"시뮬레이션"
231;"Paperman: Adventure Delivered";"액션"
232;"Paperman: Adventure Delivered";"어드벤처"
233;"룸보: 퍼스트 블러드 (Roombo: First Blood)";"액션"
234;"룸보: 퍼스트 블러드 (Roombo: First Blood)";"어드벤처"
235;"룸보: 퍼스트 블러드 (Roombo: First Blood)";"전략"
236;"룸보: 퍼스트 블러드 (Roombo: First Blood)";"아케이드"
237;"Escape from Terror City";"액션"
238;"Escape from Terror City";"아케이드"
239;"Escape from Terror City";"슈팅"
240;"리틀 데블: 육아 지옥";"액션"
241;"리틀 데블: 육아 지옥";"전략"
242;"리틀 데블: 육아 지옥";"퍼즐"
243;"리틀 데블: 육아 지옥";"시뮬레이션"
244;"Desktop Basketball 2";"액션"
245;"Desktop Basketball 2";"파티"
246;"Desktop Basketball 2";"스포츠"
247;"Desktop Basketball 2";"아케이드"
248;"그래비티 서킷 (Gravity Circuit)";"액션"
249;"그래비티 서킷 (Gravity Circuit)";"격투"
250;"와일다고치: 가상애완동물";"전략"
251;"와일다고치: 가상애완동물";"아케이드"
252;"와일다고치: 가상애완동물";"시뮬레이션"
253;"와일다고치: 가상애완동물";"실용"
254;"불릿배틀 에볼루션(Bullet Battle: Evolution)";"액션"
255;"불릿배틀 에볼루션(Bullet Battle: Evolution)";"전략"
256;"불릿배틀 에볼루션(Bullet Battle: Evolution)";"아케이드"
257;"불릿배틀 에볼루션(Bullet Battle: Evolution)";"슈팅"
258;"Neon Blight";"액션"
259;"Neon Blight";"어드벤처"
260;"코아와 마라의 다섯 해적들";"액션"
261;"코아와 마라의 다섯 해적들";"어드벤처"
262;"코아와 마라의 다섯 해적들";"기타"
263;"X-Force Under Attack";"액션"
264;"X-Force Under Attack";"어드벤처"
265;"X-Force Under Attack";"아케이드"
266;"X-Force Under Attack";"슈팅"
267;"Wash Simulator - Clean Garage, House, Cars Business Tycoons";"액션"
268;"Wash Simulator - Clean Garage, House, Cars Business Tycoons";"전략"
269;"Wash Simulator - Clean Garage, House, Cars Business Tycoons";"시뮬레이션"
270;"Wash Simulator - Clean Garage, House, Cars Business Tycoons";"트레이닝"
271;"카운터델타 2 이스턴 크라이시스(Counter Delta 2: Eastern Crisis)";"액션"
272;"카운터델타 2 이스턴 크라이시스(Counter Delta 2: Eastern Crisis)";"전략"
273;"카운터델타 2 이스턴 크라이시스(Counter Delta 2: Eastern Crisis)";"아케이드"
274;"카운터델타 2 이스턴 크라이시스(Counter Delta 2: Eastern Crisis)";"슈팅"
275;"Sword & Fairy Inn 2";"RPG"
276;"Sword & Fairy Inn 2";"퍼즐"
277;"Sword & Fairy Inn 2";"시뮬레이션"
278;"Sword & Fairy Inn 2";"기타"
279;"일립스 (Elypse)";"어드벤처"
280;"일립스 (Elypse)";"슈팅"
281;"Hospital Doctor - Fix me up for KIDS (Boys & Girls)";"액션"
282;"Hospital Doctor - Fix me up for KIDS (Boys & Girls)";"전략"
283;"Hospital Doctor - Fix me up for KIDS (Boys & Girls)";"아케이드"
284;"Hospital Doctor - Fix me up for KIDS (Boys & Girls)";"시뮬레이션"
285;"카와이 걸즈 시계";"아케이드"
286;"카와이 걸즈 시계";"시뮬레이션"
287;"카와이 걸즈 시계";"학습"
288;"카와이 걸즈 시계";"실용"
289;"BLEED: 아케이드 아레나 슈터";"액션"
290;"BLEED: 아케이드 아레나 슈터";"아케이드"
291;"BLEED: 아케이드 아레나 슈터";"격투"
292;"BLEED: 아케이드 아레나 슈터";"슈팅"
293;"디-코프";"전략"
294;"디-코프";"아케이드"
295;"디-코프";"퍼즐"
296;"디-코프";"슈팅"
297;"Doomsday Hunters";"액션"
298;"Doomsday Hunters";"아케이드"
299;"Doomsday Hunters";"슈팅"
300;"Doomsday Hunters";"기타"
301;"TT 아일 오브 맨 3 (TT Isle of Man: Ride on the Edge 3)";"스포츠"
302;"TT 아일 오브 맨 3 (TT Isle of Man: Ride on the Edge 3)";"레이싱"
303;"TT 아일 오브 맨 3 (TT Isle of Man: Ride on the Edge 3)";"시뮬레이션"
304;"동물 퍼즐 세계 (Animal Puzzle World)";"액션"
305;"동물 퍼즐 세계 (Animal Puzzle World)";"아케이드"
306;"동물 퍼즐 세계 (Animal Puzzle World)";"퍼즐"
307;"동물 퍼즐 세계 (Animal Puzzle World)";"학습"
308;"Super Trunko Go";"액션"
309;"Super Trunko Go";"어드벤처"
310;"Super Trunko Go";"슈팅"
311;"Chaos Galaxy";"RPG"
312;"Chaos Galaxy";"전략"
313;"Chaos Galaxy";"시뮬레이션"
314;"Chaos Galaxy";"슈팅"
315;"자연 퍼즐 (Nature Puzzle)";"아케이드"
316;"자연 퍼즐 (Nature Puzzle)";"트레이닝"
317;"자연 퍼즐 (Nature Puzzle)";"학습"
318;"Dr. Fetus' Mean Meat Machine";"아케이드"
319;"Dr. Fetus' Mean Meat Machine";"퍼즐"
320;"Summer Daze: Tilly's Tale";"RPG"
321;"Summer Daze: Tilly's Tale";"어드벤처"
322;"Summer Daze: Tilly's Tale";"기타"
323;"아비아 코퍼레이션";"전략"
324;"아비아 코퍼레이션";"아케이드"
325;"아비아 코퍼레이션";"시뮬레이션"
326;"녹터널 (Nocturnal)";"액션"
327;"녹터널 (Nocturnal)";"어드벤처"
328;"Move The Box: 클래식 블록 퍼즐";"아케이드"
329;"Move The Box: 클래식 블록 퍼즐";"퍼즐"
330;"Move The Box: 클래식 블록 퍼즐";"보드"
331;"Kovox Pitch";"액션"
332;"Kovox Pitch";"어드벤처"
333;"Kovox Pitch";"음악"
334;"Kovox Pitch";"스포츠"
335;"SENSEs: Midnight";"액션"
336;"SENSEs: Midnight";"RPG"
337;"SENSEs: Midnight";"어드벤처"
338;"SENSEs: Midnight";"퍼즐"
339;"Move The Pin: 클래식 논리 퍼즐";"아케이드"
340;"Move The Pin: 클래식 논리 퍼즐";"퍼즐"
341;"Move The Pin: 클래식 논리 퍼즐";"보드"
342;"LASERPITIUM";"액션"
343;"LASERPITIUM";"아케이드"
344;"LASERPITIUM";"슈팅"
345;"LOOP8 루프 에이트";"액션"
346;"LOOP8 루프 에이트";"RPG"
347;"LOOP8 루프 에이트";"어드벤처"
348;"월드워 컴뱃가디언(World War: Combat Guardian)";"액션"
349;"월드워 컴뱃가디언(World War: Combat Guardian)";"전략"
350;"월드워 컴뱃가디언(World War: Combat Guardian)";"아케이드"
351;"월드워 컴뱃가디언(World War: Combat Guardian)";"슈팅"
352;"Cop Police Escape Racing Zone Clash";"액션"
353;"Cop Police Escape Racing Zone Clash";"아케이드"
354;"Cop Police Escape Racing Zone Clash";"레이싱"
355;"Cop Police Escape Racing Zone Clash";"슈팅"
356;"Hello Goodboy";"어드벤처"
357;"Baby Phone 3 in 1 for Kids, Puzzle, Animal, Funny, Parent, Coloring";"아케이드"
358;"Baby Phone 3 in 1 for Kids, Puzzle, Animal, Funny, Parent, Coloring";"보드"
359;"Baby Phone 3 in 1 for Kids, Puzzle, Animal, Funny, Parent, Coloring";"트레이닝"
360;"Baby Phone 3 in 1 for Kids, Puzzle, Animal, Funny, Parent, Coloring";"학습"
361;"Terracotta";"액션"
362;"Terracotta";"어드벤처"
363;"메카닉 8230: 일그로트 탈출";"어드벤처"
364;"메카닉 8230: 일그로트 탈출";"전략"
365;"메카닉 8230: 일그로트 탈출";"퍼즐"
366;"메카닉 8230: 일그로트 탈출";"시뮬레이션"
367;"Magic Bubble Shooter: 클래식 버블 아케이드";"아케이드"
368;"Magic Bubble Shooter: 클래식 버블 아케이드";"퍼즐"
369;"Magic Bubble Shooter: 클래식 버블 아케이드";"슈팅"
370;"Magic Bubble Shooter: 클래식 버블 아케이드";"보드"
371;"Murtop";"액션"
372;"Murtop";"전략"
373;"Murtop";"아케이드"
374;"Murtop";"퍼즐"
375;"DobbyxEscape: Pirate Adventure";"어드벤처"
376;"DobbyxEscape: Pirate Adventure";"퍼즐"
377;"DobbyxEscape: Pirate Adventure";"기타"
378;"작은 용 이야기";"어드벤처"
379;"작은 용 이야기";"아케이드"
380;"작은 용 이야기";"격투"
381;"작은 용 이야기";"시뮬레이션"
382;"Zombo Buster Advance";"액션"
383;"Zombo Buster Advance";"전략"
384;"Zombo Buster Advance";"아케이드"
385;"Zombo Buster Advance";"퍼즐"
386;"포스트 보이드 (POST VOID)";"액션"
387;"Defoliation";"어드벤처"
388;"Defoliation";"퍼즐"
389;"Matches Puzzle: 클래식 로직 아케이드";"아케이드"
390;"Matches Puzzle: 클래식 로직 아케이드";"퍼즐"
391;"Matches Puzzle: 클래식 로직 아케이드";"보드"
392;"Matches Puzzle: 클래식 로직 아케이드";"학습"
393;"브램블: 산속의 왕 (Bramble: The Mountain King)";"어드벤처"
394;"Zombie Dead Smasher - World Simulator Kill Strike Gun Shooter 3D Poly Games 2023";"액션"
395;"Zombie Dead Smasher - World Simulator Kill Strike Gun Shooter 3D Poly Games 2023";"어드벤처"
396;"Zombie Dead Smasher - World Simulator Kill Strike Gun Shooter 3D Poly Games 2023";"전략"
397;"Zombie Dead Smasher - World Simulator Kill Strike Gun Shooter 3D Poly Games 2023";"격투"
398;"SD 신 가면라이더 난무";"액션"
399;"Neko Rescue Tale";"액션"
400;"Neko Rescue Tale";"어드벤처"
401;"애프터이미지 (Afterimage)";"액션"
402;"애프터이미지 (Afterimage)";"어드벤처"
403;"페어리 펜서 F 리프레인 코드 디지털 디럭스판";"RPG"
404;"페어리 펜서 F 리프레인 코드 디지털 디럭스판";"전략"
405;"테슬라그라드 2 (Teslagrad 2)";"액션"
406;"테슬라그라드 2 (Teslagrad 2)";"어드벤처"
407;"페어리 펜서 F 리프레인 코드";"RPG"
408;"페어리 펜서 F 리프레인 코드";"전략"
409;"ROCKMAN EXE ADVANCED COLLECTION Vol.1";"액션"
410;"ROCKMAN EXE ADVANCED COLLECTION Vol.1";"RPG"
411;"We. The Revolution";"어드벤처"
412;"We. The Revolution";"전략"
413;"We. The Revolution";"퍼즐"
414;"We. The Revolution";"시뮬레이션"
415;"Hyper-5";"액션"
416;"Hyper-5";"아케이드"
417;"Hyper-5";"슈팅"
418;"바벨의 도서관 (The Library of Babel)";"어드벤처"
419;"바벨의 도서관 (The Library of Babel)";"퍼즐"
420;"The Legend of Gwen";"액션"
421;"The Legend of Gwen";"RPG"
422;"The Legend of Gwen";"아케이드"
423;"The Legend of Gwen";"격투"
424;"보리얼 테네브라 디럭스";"어드벤처"
425;"보리얼 테네브라 디럭스";"전략"
426;"보리얼 테네브라 디럭스";"퍼즐"
427;"보리얼 테네브라 디럭스";"시뮬레이션"
428;"Pretty Girls Tile Match";"퍼즐"
429;"Pretty Girls Tile Match";"보드"
430;"어린이를 위한 색칠공부";"퍼즐"
431;"어린이를 위한 색칠공부";"시뮬레이션"
432;"어린이를 위한 색칠공부";"트레이닝"
433;"어린이를 위한 색칠공부";"실용"
434;"Madness Brutal Fighting - Mortal Fight Battle Attack Multiplayer";"액션"
435;"Madness Brutal Fighting - Mortal Fight Battle Attack Multiplayer";"어드벤처"
436;"Madness Brutal Fighting - Mortal Fight Battle Attack Multiplayer";"아케이드"
437;"Madness Brutal Fighting - Mortal Fight Battle Attack Multiplayer";"격투"
438;"포피의 모험";"어드벤처"
439;"포피의 모험";"아케이드"
440;"포피의 모험";"퍼즐"
441;"포피의 모험";"시뮬레이션"
442;"Papertris";"액션"
443;"Papertris";"파티"
444;"Papertris";"퍼즐"
445;"Papertris";"트레이닝"
446;"Formula Retro Racing: World Tour";"액션"
447;"Formula Retro Racing: World Tour";"아케이드"
448;"Formula Retro Racing: World Tour";"레이싱"
449;"Formula Retro Racing: World Tour";"시뮬레이션"
450;"크라임버스터즈 스트라이크 에리어(Crime Busters: Strike Area)";"액션"
451;"크라임버스터즈 스트라이크 에리어(Crime Busters: Strike Area)";"아케이드"
452;"크라임버스터즈 스트라이크 에리어(Crime Busters: Strike Area)";"격투"
453;"크라임버스터즈 스트라이크 에리어(Crime Busters: Strike Area)";"슈팅"
454;"From Shadows";"액션"
455;"From Shadows";"어드벤처"
456;"From Shadows";"아케이드"
457;"DC 저스티스 리그: 우주 대혼란 (DC's Justice League: Cosmic Chaos)";"액션"
458;"DC 저스티스 리그: 우주 대혼란 (DC's Justice League: Cosmic Chaos)";"어드벤처"
459;"Monorail Stories";"RPG"
460;"Monorail Stories";"어드벤처"
461;"orbit.industries";"전략"
462;"orbit.industries";"시뮬레이션"
463;"The Amazing American Circus";"RPG"
464;"The Amazing American Circus";"어드벤처"
465;"The Amazing American Circus";"전략"
466;"Apocalipsis";"어드벤처"
467;"Apocalipsis";"퍼즐"
468;"Apocalipsis";"기타"
469;"Help Will Come Tomorrow";"RPG"
470;"Help Will Come Tomorrow";"어드벤처"
471;"Help Will Come Tomorrow";"전략"
472;"Help Will Come Tomorrow";"시뮬레이션"
473;"언매치드: 디지털 에디션 (Unmatched: Digital Edition)";"파티"
474;"언매치드: 디지털 에디션 (Unmatched: Digital Edition)";"전략"
475;"언매치드: 디지털 에디션 (Unmatched: Digital Edition)";"격투"
476;"언매치드: 디지털 에디션 (Unmatched: Digital Edition)";"보드"
477;"세션: 스케이트 시뮬레이션(Session: Skate Sim)";"스포츠"
478;"세션: 스케이트 시뮬레이션(Session: Skate Sim)";"시뮬레이션"
479;"Donut Dodo";"액션"
480;"Donut Dodo";"파티"
481;"Donut Dodo";"아케이드"
482;"Donut Dodo";"퍼즐"
483;"로지나트레플리코프";"어드벤처"
484;"로지나트레플리코프";"음악"
485;"로지나트레플리코프";"퍼즐"
486;"로지나트레플리코프";"트레이닝"
487;"큐트 & 크리피";"퍼즐"
488;"큐트 & 크리피";"시뮬레이션"
489;"큐트 & 크리피";"트레이닝"
490;"큐트 & 크리피";"실용"
491;"엘더랜드 (Elderand)";"액션"
492;"엘더랜드 (Elderand)";"RPG"
493;"엘더랜드 (Elderand)";"어드벤처"
494;"트레인 라이프: 레일웨이 시뮬레이터 (Train Life - A Railway Simulator)";"시뮬레이션"
495;"트레인 라이프: 레일웨이 시뮬레이터 (Train Life - A Railway Simulator)";"기타"
496;"패키지 러쉬";"전략"
497;"패키지 러쉬";"퍼즐"
498;"패키지 러쉬";"레이싱"
499;"패키지 러쉬";"시뮬레이션"
500;"Super Toy Cars Offroad";"액션"
501;"Super Toy Cars Offroad";"레이싱"
502;"Twice Reborn: A Vampire Visual Novel";"어드벤처"
503;"월드워 프롤로그(World War: Prologue)";"액션"
504;"월드워 프롤로그(World War: Prologue)";"어드벤처"
505;"월드워 프롤로그(World War: Prologue)";"아케이드"
506;"월드워 프롤로그(World War: Prologue)";"슈팅"
507;"Redemption Reapers";"RPG"
508;"Redemption Reapers";"시뮬레이션"
509;"Tyrant's Blessing";"RPG"
510;"Tyrant's Blessing";"어드벤처"
511;"Tyrant's Blessing";"전략"
512;"Tyrant's Blessing";"퍼즐"
513;"모자이크 크로니클 디럭스";"어드벤처"
514;"모자이크 크로니클 디럭스";"퍼즐"
515;"W.A.R.P.";"액션"
516;"W.A.R.P.";"어드벤처"
517;"W.A.R.P.";"아케이드"
518;"W.A.R.P.";"슈팅"
519;"Falling Elevator - Hyper Casual Demolish Escape Survival Game";"액션"
520;"Falling Elevator - Hyper Casual Demolish Escape Survival Game";"어드벤처"
521;"Falling Elevator - Hyper Casual Demolish Escape Survival Game";"전략"
522;"Falling Elevator - Hyper Casual Demolish Escape Survival Game";"시뮬레이션"
523;"Fear in Hospital: 탈출 공포 이야기";"액션"
524;"Fear in Hospital: 탈출 공포 이야기";"어드벤처"
525;"Fear in Hospital: 탈출 공포 이야기";"아케이드"
526;"Fear in Hospital: 탈출 공포 이야기";"퍼즐"
527;"퀴어의 천문 동아리";"어드벤처"
528;"퀴어의 천문 동아리";"기타"
529;"퀴어의 천문 동아리";"학습"
530;"퀴어의 천문 동아리";"실용"
531;"초크 가든";"어드벤처"
532;"초크 가든";"퍼즐"
533;"초크 가든";"기타"
534;"플러피 호드";"액션"
535;"플러피 호드";"전략"
536;"플러피 호드";"격투"
537;"플러피 호드";"슈팅"
538;"잇츠 쿠키";"퍼즐"
539;"잇츠 쿠키";"기타"
540;"잇츠 쿠키";"트레이닝"
541;"스포츠와 놀이 수영";"스포츠"
542;"스포츠와 놀이 수영";"시뮬레이션"
543;"스포츠와 놀이 수영";"기타"
544;"스포츠와 놀이 수영";"트레이닝"
545;"Cooking Tycoons 3: 3 in 1 Bundle";"어드벤처"
546;"Cooking Tycoons 3: 3 in 1 Bundle";"전략"
547;"Cooking Tycoons 3: 3 in 1 Bundle";"퍼즐"
548;"Cooking Tycoons 3: 3 in 1 Bundle";"시뮬레이션"
549;"Animal Super Craft - Maker Word Simulator Deluxe Game 2023";"RPG"
550;"Animal Super Craft - Maker Word Simulator Deluxe Game 2023";"어드벤처"
551;"Animal Super Craft - Maker Word Simulator Deluxe Game 2023";"시뮬레이션"
552;"Animal Super Craft - Maker Word Simulator Deluxe Game 2023";"보드"
553;"OddBallers";"액션"
554;"OddBallers";"파티"
555;"DobbyxEscape: Spooky Adventure";"어드벤처"
556;"DobbyxEscape: Spooky Adventure";"퍼즐"
557;"DobbyxEscape: Spooky Adventure";"기타"
558;"Mars Base";"RPG"
559;"Mars Base";"시뮬레이션"
560;"Mars Base";"기타"
561;"Car Parking Multiplayer";"레이싱"
562;"Car Parking Multiplayer";"시뮬레이션"
563;"Wings of Bluestar";"액션"
564;"Wings of Bluestar";"아케이드"
565;"Wings of Bluestar";"슈팅"
566;"퓨리 파이트: 도시의 갱스터";"전략"
567;"퓨리 파이트: 도시의 갱스터";"격투"
568;"퓨리 파이트: 도시의 갱스터";"기타"
569;"Extreme Highway Racing: 리얼 스피드 드라이버";"아케이드"
570;"Extreme Highway Racing: 리얼 스피드 드라이버";"레이싱"
571;"Extreme Highway Racing: 리얼 스피드 드라이버";"시뮬레이션"
572;"문라이더: 가디언의 역습 (Vengeful Guardian: Moonrider)";"액션"
573;"문라이더: 가디언의 역습 (Vengeful Guardian: Moonrider)";"어드벤처"
574;"Fight of Steel: Infinity Warrior";"액션"
575;"Fight of Steel: Infinity Warrior";"아케이드"
576;"Fight of Steel: Infinity Warrior";"격투"
577;"Hazel Sky";"액션"
578;"Hazel Sky";"어드벤처"
579;"마이 판타스틱 랜치 (My Fantastic Ranch)";"어드벤처"
580;"마이 판타스틱 랜치 (My Fantastic Ranch)";"시뮬레이션"
581;"My Lovely Wife";"어드벤처"
582;"My Lovely Wife";"시뮬레이션"
583;"My Lovely Wife";"기타"
584;"Sail Forth";"액션"
585;"Sail Forth";"어드벤처"
586;"Sail Forth";"레이싱"
587;"Sail Forth";"시뮬레이션"
588;"그래플 도그 (Grapple Dog)";"액션"
589;"그래플 도그 (Grapple Dog)";"어드벤처"
590;"그래플 도그 (Grapple Dog)";"아케이드"
591;"3D 컬러 미궁 • 100개의 다채로운 미궁 퍼즐";"전략"
592;"3D 컬러 미궁 • 100개의 다채로운 미궁 퍼즐";"아케이드"
593;"3D 컬러 미궁 • 100개의 다채로운 미궁 퍼즐";"퍼즐"
594;"3D 컬러 미궁 • 100개의 다채로운 미궁 퍼즐";"보드"
595;"슈퍼 퍼즐 팩 2";"퍼즐"
596;"슈퍼 퍼즐 팩 2";"보드"
597;"슈퍼 퍼즐 팩 2";"트레이닝"
598;"슈퍼 퍼즐 팩 2";"학습"
599;"괴수 전쟁";"RPG"
600;"괴수 전쟁";"전략"
601;"괴수 전쟁";"시뮬레이션"
602;"괴수 전쟁";"보드"
603;"Farming Real Simulation Tractor, Combine Trucks Farmer Land Game";"어드벤처"
604;"Farming Real Simulation Tractor, Combine Trucks Farmer Land Game";"레이싱"
605;"Farming Real Simulation Tractor, Combine Trucks Farmer Land Game";"시뮬레이션"
606;"Farming Real Simulation Tractor, Combine Trucks Farmer Land Game";"트레이닝"
607;"Alphadia Neo";"RPG"
608;"Alphadia Neo";"어드벤처"
609;"Alphadia Neo";"전략"
610;"Alphadia Neo";"격투"
611;"아카이카타나 진";"아케이드"
612;"아카이카타나 진";"슈팅"
613;"나폴레옹 소녀 Episode.1 불가능이란 말은 없는 소녀";"어드벤처"
614;"나폴레옹 소녀 Episode.1 불가능이란 말은 없는 소녀";"시뮬레이션"
615;"나폴레옹 소녀 Episode.1 불가능이란 말은 없는 소녀";"기타"
616;"헌티드좀비 슬로터(Haunted Zombie Slaughter)";"액션"
617;"헌티드좀비 슬로터(Haunted Zombie Slaughter)";"어드벤처"
618;"헌티드좀비 슬로터(Haunted Zombie Slaughter)";"아케이드"
619;"헌티드좀비 슬로터(Haunted Zombie Slaughter)";"슈팅"
620;"The Rumble Fish 2";"액션"
621;"The Rumble Fish 2";"아케이드"
622;"The Rumble Fish 2";"격투"
623;"The Rumble Fish 2";"트레이닝"
624;"Supreme Car Race on Highway Simulator - Ultimate Driving Games Poly Experience";"액션"
625;"Supreme Car Race on Highway Simulator - Ultimate Driving Games Poly Experience";"아케이드"
626;"Supreme Car Race on Highway Simulator - Ultimate Driving Games Poly Experience";"레이싱"
627;"Supreme Car Race on Highway Simulator - Ultimate Driving Games Poly Experience";"시뮬레이션"
628;"Car Parking Madness School Drive Mehanic Car Games Simulator 2023";"액션"
629;"Car Parking Madness School Drive Mehanic Car Games Simulator 2023";"아케이드"
630;"Car Parking Madness School Drive Mehanic Car Games Simulator 2023";"레이싱"
631;"Car Parking Madness School Drive Mehanic Car Games Simulator 2023";"시뮬레이션"
632;"Silver Nornir";"RPG"
633;"Silver Nornir";"어드벤처"
634;"Silver Nornir";"전략"
635;"Silver Nornir";"격투"
636;"라이프 인 윌로데일: 농장 어드벤처";"액션"
637;"라이프 인 윌로데일: 농장 어드벤처";"RPG"
638;"라이프 인 윌로데일: 농장 어드벤처";"어드벤처"
639;"라이프 인 윌로데일: 농장 어드벤처";"시뮬레이션"
640;"Windstorm: Start of a Great Friendship";"어드벤처"
641;"Windstorm: Start of a Great Friendship";"스포츠"
642;"Windstorm: Start of a Great Friendship";"레이싱"
643;"Windstorm: Start of a Great Friendship";"시뮬레이션"
644;"BIOHAZARD RE:3 CLOUD";"액션"
645;"BIOHAZARD RE:3 CLOUD";"슈팅"
646;"월드 클라쓰 챔피언 사커(World Class Champion Soccer)";"액션"
647;"월드 클라쓰 챔피언 사커(World Class Champion Soccer)";"스포츠"
648;"월드 클라쓰 챔피언 사커(World Class Champion Soccer)";"아케이드"
649;"월드 클라쓰 챔피언 사커(World Class Champion Soccer)";"시뮬레이션"
650;"Animal Puzzle Cats 동물 퍼즐 고양이";"액션"
651;"Animal Puzzle Cats 동물 퍼즐 고양이";"아케이드"
652;"Animal Puzzle Cats 동물 퍼즐 고양이";"퍼즐"
653;"Animal Puzzle Cats 동물 퍼즐 고양이";"트레이닝"
654;"The Awakening of Mummies";"어드벤처"
655;"The Awakening of Mummies";"퍼즐"
656;"The Awakening of Mummies";"보드"
657;"The Awakening of Mummies";"기타"
658;"아라가미 2 (Aragami 2)";"액션"
659;"아라가미 2 (Aragami 2)";"어드벤처"
660;"Geometric Sniper";"액션"
661;"Geometric Sniper";"어드벤처"
662;"Geometric Sniper";"시뮬레이션"
663;"Geometric Sniper";"슈팅"
664;"스페이스 테일";"액션"
665;"스페이스 테일";"어드벤처"
666;"스페이스 테일";"아케이드"
667;"스페이스 테일";"기타"
668;"Aeterna Noctis";"액션"
669;"Aeterna Noctis";"어드벤처"
670;"Aeterna Noctis";"퍼즐"
671;"Aeterna Noctis";"기타"
672;"프롬 스페이스 (From Space)";"액션"
673;"프롬 스페이스 (From Space)";"어드벤처"
674;"Fashion Friends 패션프렌즈";"액션"
675;"Fashion Friends 패션프렌즈";"전략"
676;"Fashion Friends 패션프렌즈";"아케이드"
677;"Fashion Friends 패션프렌즈";"퍼즐"
678;"Escape String";"전략"
679;"Escape String";"아케이드"
680;"Escape String";"퍼즐"
681;"Escape String";"기타"
682;"첸소 클럽 (Chenso Club)";"액션"
683;"첸소 클럽 (Chenso Club)";"어드벤처"
684;"매치포인트 - 테니스 챔피언십 | 레전드 에디션 (Matchpoint - Tennis Championships | Legends Edition)";"스포츠"
685;"One More Island";"시뮬레이션"
686;"뎀스 파이팅 허드 (Them's Fightin' Herds)";"파티"
687;"뎀스 파이팅 허드 (Them's Fightin' Herds)";"아케이드"
688;"뎀스 파이팅 허드 (Them's Fightin' Herds)";"격투"
689;"Pretty Girls Escape";"퍼즐"
690;"초라해";"파티"
691;"초라해";"아케이드"
692;"초라해";"퍼즐"
693;"초라해";"기타"
694;"Billiard: Classic 8 Ball Pool";"전략"
695;"Billiard: Classic 8 Ball Pool";"아케이드"
696;"Billiard: Classic 8 Ball Pool";"시뮬레이션"
697;"Billiard: Classic 8 Ball Pool";"보드"
698;"무장하고 맛있는 암모 돼지";"액션"
699;"무장하고 맛있는 암모 돼지";"어드벤처"
700;"무장하고 맛있는 암모 돼지";"아케이드"
701;"무장하고 맛있는 암모 돼지";"슈팅"
702;"Breakfast Bar Tycoon";"어드벤처"
703;"Breakfast Bar Tycoon";"전략"
704;"Breakfast Bar Tycoon";"퍼즐"
705;"Breakfast Bar Tycoon";"시뮬레이션"
706;"미취학 아동:시즌 1";"어드벤처"
707;"미취학 아동:시즌 1";"파티"
708;"미취학 아동:시즌 1";"아케이드"
709;"미취학 아동:시즌 1";"기타"
710;"Youropa";"어드벤처"
711;"Youropa";"퍼즐"
712;"퍼피 구조대: 그랑 프리 (PAW Patrol: Grand Prix)";"레이싱"
713;"리틀콩: 정글의 재미";"액션"
714;"리틀콩: 정글의 재미";"어드벤처"
715;"리틀콩: 정글의 재미";"아케이드"
716;"리틀콩: 정글의 재미";"기타"
717;"Brick Breaker Ball Shooter";"어드벤처"
718;"Brick Breaker Ball Shooter";"아케이드"
719;"Brick Breaker Ball Shooter";"퍼즐"
720;"Brick Breaker Ball Shooter";"보드"
721;"Treasures of The Roman Empire";"어드벤처"
722;"Treasures of The Roman Empire";"전략"
723;"Treasures of The Roman Empire";"퍼즐"
724;"Treasures of The Roman Empire";"학습"
725;"Funtasia";"액션"
726;"Funtasia";"어드벤처"
727;"Funtasia";"레이싱"
728;"Funtasia";"기타"
729;"카운터크로스라인 크라임 워(Counter Crossline: Crime War)";"액션"
730;"카운터크로스라인 크라임 워(Counter Crossline: Crime War)";"어드벤처"
731;"카운터크로스라인 크라임 워(Counter Crossline: Crime War)";"아케이드"
732;"카운터크로스라인 크라임 워(Counter Crossline: Crime War)";"슈팅"
733;"Elite Soldier Shooter";"액션"
734;"Elite Soldier Shooter";"시뮬레이션"
735;"Elite Soldier Shooter";"슈팅"
736;"Elite Soldier Shooter";"기타"
737;"그림을 그리고 색칠하세요: 카와이이";"어드벤처"
738;"그림을 그리고 색칠하세요: 카와이이";"아케이드"
739;"그림을 그리고 색칠하세요: 카와이이";"기타"
740;"그림을 그리고 색칠하세요: 카와이이";"실용"
741;"Eagle Simulator - Bird Zoo Park Flight Sky Pilot Driving";"RPG"
742;"Eagle Simulator - Bird Zoo Park Flight Sky Pilot Driving";"어드벤처"
743;"Eagle Simulator - Bird Zoo Park Flight Sky Pilot Driving";"아케이드"
744;"Eagle Simulator - Bird Zoo Park Flight Sky Pilot Driving";"시뮬레이션"
745;"Animals Transport Simulator - Car Driving & Parking Games Real Zoo Park";"액션"
746;"Animals Transport Simulator - Car Driving & Parking Games Real Zoo Park";"레이싱"
747;"Animals Transport Simulator - Car Driving & Parking Games Real Zoo Park";"시뮬레이션"
748;"Animals Transport Simulator - Car Driving & Parking Games Real Zoo Park";"기타"
749;"레드아웃 2 (Redout 2)";"액션"
750;"레드아웃 2 (Redout 2)";"스포츠"
751;"레드아웃 2 (Redout 2)";"레이싱"
752;"카이코와 코코쉬: 색칠 놀이 책";"어드벤처"
753;"카이코와 코코쉬: 색칠 놀이 책";"음악"
754;"카이코와 코코쉬: 색칠 놀이 책";"기타"
755;"카이코와 코코쉬: 색칠 놀이 책";"실용"
756;"Last Beat Enhanced";"액션"
757;"Last Beat Enhanced";"아케이드"
758;"Last Beat Enhanced";"격투"
759;"Last Beat Enhanced";"기타"
760;"Mahjong Connect Onet Puzzle";"어드벤처"
761;"Mahjong Connect Onet Puzzle";"아케이드"
762;"Mahjong Connect Onet Puzzle";"퍼즐"
763;"Mahjong Connect Onet Puzzle";"보드"
764;"모던워 탱크 배틀(Modern War: Tank Battle)";"액션"
765;"모던워 탱크 배틀(Modern War: Tank Battle)";"전략"
766;"모던워 탱크 배틀(Modern War: Tank Battle)";"아케이드"
767;"모던워 탱크 배틀(Modern War: Tank Battle)";"슈팅"
768;"블로섬의 블룸 부티크";"어드벤처"
769;"블로섬의 블룸 부티크";"전략"
770;"블로섬의 블룸 부티크";"퍼즐"
771;"아케이드 파라다이스 (Arcade Paradise)";"액션"
772;"아케이드 파라다이스 (Arcade Paradise)";"아케이드"
773;"아케이드 파라다이스 (Arcade Paradise)";"퍼즐"
774;"아케이드 파라다이스 (Arcade Paradise)";"시뮬레이션"
775;"에일리언 워";"액션"
776;"에일리언 워";"아케이드"
777;"Zumba Garden";"액션"
778;"Zumba Garden";"아케이드"
779;"Zumba Garden";"퍼즐"
780;"Zumba Garden";"슈팅"
781;"Dyna Bomb 2";"액션"
782;"Dyna Bomb 2";"어드벤처"
783;"Dyna Bomb 2";"아케이드"
784;"Dyna Bomb 2";"기타"
785;"Gigapocalypse";"액션"
786;"Gigapocalypse";"아케이드"
787;"Gigapocalypse";"기타"
788;"괴물 구축함";"액션"
789;"괴물 구축함";"아케이드"
790;"괴물 구축함";"기타"
791;"클럼지 러시: 얼티메이트 가이즈";"액션"
792;"클럼지 러시: 얼티메이트 가이즈";"파티"
793;"클럼지 러시: 얼티메이트 가이즈";"스포츠"
794;"클럼지 러시: 얼티메이트 가이즈";"아케이드"
795;"Gale of Windoria";"RPG"
796;"Gale of Windoria";"어드벤처"
797;"Gale of Windoria";"전략"
798;"Gale of Windoria";"격투"
799;"After Wave: Downfall";"액션"
800;"After Wave: Downfall";"아케이드"
801;"After Wave: Downfall";"슈팅"
802;"City Super Hero 3D - Flying Legend Warriors Deluxe Simulator";"액션"
803;"City Super Hero 3D - Flying Legend Warriors Deluxe Simulator";"어드벤처"
804;"City Super Hero 3D - Flying Legend Warriors Deluxe Simulator";"격투"
805;"City Super Hero 3D - Flying Legend Warriors Deluxe Simulator";"트레이닝"
806;"카운터리콘 2 더 뉴워(Counter Recon 2: The New War)";"액션"
807;"카운터리콘 2 더 뉴워(Counter Recon 2: The New War)";"어드벤처"
808;"카운터리콘 2 더 뉴워(Counter Recon 2: The New War)";"아케이드"
809;"카운터리콘 2 더 뉴워(Counter Recon 2: The New War)";"슈팅"
810;"Romeow: to the cracked Mars";"어드벤처"
811;"Romeow: to the cracked Mars";"아케이드"
812;"Romeow: to the cracked Mars";"퍼즐"
813;"Romeow: to the cracked Mars";"기타"
814;"Square Keeper";"액션"
815;"Square Keeper";"퍼즐"
816;"HunterX";"액션"
817;"HunterX";"RPG"
818;"HunterX";"어드벤처"
819;"Endling - Extinction is Forever";"액션"
820;"Endling - Extinction is Forever";"어드벤처"
821;"Endling - Extinction is Forever";"시뮬레이션"
822;"DC 리그 오브 슈퍼-펫 (DC League of Super-Pets: The Adventures of Krypto and Ace)";"액션"
823;"DC 리그 오브 슈퍼-펫 (DC League of Super-Pets: The Adventures of Krypto and Ace)";"어드벤처"
824;"모히토 캣";"어드벤처"
825;"모히토 캣";"퍼즐"
826;"모히토 캣";"기타"
827;"개구리 섬에서의 시간";"액션"
828;"개구리 섬에서의 시간";"어드벤처"
829;"개구리 섬에서의 시간";"퍼즐"
830;"개구리 섬에서의 시간";"기타"
831;"JDM Drag Racing Car Driving Simulator 2022 Games";"스포츠"
832;"JDM Drag Racing Car Driving Simulator 2022 Games";"아케이드"
833;"JDM Drag Racing Car Driving Simulator 2022 Games";"레이싱"
834;"JDM Drag Racing Car Driving Simulator 2022 Games";"시뮬레이션"
835;"Capcom Fighting Collection";"아케이드"
836;"Capcom Fighting Collection";"격투"
837;"Capcom Fighting Collection";"퍼즐"
838;"껌+";"어드벤처"
839;"껌+";"아케이드"
840;"껌+";"퍼즐"
841;"껌+";"학습"
842;"전설의 가면 조로 (Zorro The Chronicles)";"액션"
843;"전설의 가면 조로 (Zorro The Chronicles)";"어드벤처"
844;"전설의 가면 조로 (Zorro The Chronicles)";"기타"
845;"헌티드좀비 스쿨(Haunted Zombie School)";"액션"
846;"헌티드좀비 스쿨(Haunted Zombie School)";"어드벤처"
847;"헌티드좀비 스쿨(Haunted Zombie School)";"아케이드"
848;"헌티드좀비 스쿨(Haunted Zombie School)";"슈팅"
849;"오토너츠 (Autonauts)";"시뮬레이션"
850;"Thunder Kid II: Null Mission";"액션"
851;"Thunder Kid II: Null Mission";"아케이드"
852;"Thunder Kid II: Null Mission";"슈팅"
853;"Freshly Frosted";"전략"
854;"Freshly Frosted";"아케이드"
855;"Freshly Frosted";"퍼즐"
856;"Freshly Frosted";"시뮬레이션"
857;"프로 체육 교사 시뮬레이터";"스포츠"
858;"프로 체육 교사 시뮬레이터";"아케이드"
859;"프로 체육 교사 시뮬레이터";"시뮬레이션"
860;"프로 체육 교사 시뮬레이터";"기타"
861;"오코넬 부족과 스태그의 왕관 (Clan O'Conall and the Crown of the Stag)";"액션"
862;"오코넬 부족과 스태그의 왕관 (Clan O'Conall and the Crown of the Stag)";"어드벤처"
863;"오코넬 부족과 스태그의 왕관 (Clan O'Conall and the Crown of the Stag)";"퍼즐"
864;"백 브래들리 2";"어드벤처"
865;"백 브래들리 2";"퍼즐"
866;"백 브래들리 2";"기타"
867;"INDIGO7";"어드벤처"
868;"INDIGO7";"퍼즐"
869;"이스탄불: 디지털 버전 Istanbul: Digital Edition";"전략"
870;"이스탄불: 디지털 버전 Istanbul: Digital Edition";"시뮬레이션"
871;"이스탄불: 디지털 버전 Istanbul: Digital Edition";"보드"
872;"이스탄불: 디지털 버전 Istanbul: Digital Edition";"기타"
873;"Kao the Kangaroo";"액션"
874;"Kao the Kangaroo";"어드벤처"
875;"Kao the Kangaroo";"아케이드"
876;"Kao the Kangaroo";"격투"
877;"Blow & Fly";"액션"
878;"Blow & Fly";"퍼즐"
879;"Galacticon：갤럭티콘";"액션"
880;"Galacticon：갤럭티콘";"아케이드"
881;"Galacticon：갤럭티콘";"퍼즐"
882;"Galacticon：갤럭티콘";"슈팅"
883;"로그북 (Roguebook)";"RPG"
884;"로그북 (Roguebook)";"어드벤처"
885;"로그북 (Roguebook)";"전략"
886;"로그북 (Roguebook)";"퍼즐"
887;"Chess Cartoons";"파티"
888;"Chess Cartoons";"전략"
889;"Chess Cartoons";"보드"
890;"Chess Cartoons";"학습"
891;"Flatout Pixel Racing";"파티"
892;"Flatout Pixel Racing";"스포츠"
893;"Flatout Pixel Racing";"아케이드"
894;"Flatout Pixel Racing";"레이싱"
895;"연금술사 시뮬레이터 ""Alchemist Simulator""";"아케이드"
896;"연금술사 시뮬레이터 ""Alchemist Simulator""";"시뮬레이션"
897;"War Mines Collection";"전략"
898;"War Mines Collection";"퍼즐"
899;"War Mines Collection";"보드"
900;"War Mines Collection";"기타"
901;"직소 펀: 놀라운 동물들";"파티"
902;"직소 펀: 놀라운 동물들";"퍼즐"
903;"직소 펀: 놀라운 동물들";"시뮬레이션"
904;"직소 펀: 놀라운 동물들";"보드"
905;"Gunkid 99";"액션"
906;"Gunkid 99";"슈팅"
907;"레고® 월드 [LEGO® Worlds]";"어드벤처"
908;"레고® 월드 [LEGO® Worlds]";"퍼즐"
909;"P.3";"액션"
910;"P.3";"아케이드"
911;"P.3";"슈팅"
912;"P.3";"기타"
913;"Panmorphia: Awakened";"어드벤처"
914;"Panmorphia: Awakened";"퍼즐"
915;"Panmorphia: Awakened";"기타"
916;"블립 블롭";"액션"
917;"블립 블롭";"파티"
918;"블립 블롭";"퍼즐"
919;"꿀잼 무한 퍼즐 컬렉션";"전략"
920;"꿀잼 무한 퍼즐 컬렉션";"퍼즐"
921;"꿀잼 무한 퍼즐 컬렉션";"학습"
922;"TASOMACHI:Behind the Twilight";"액션"
923;"TASOMACHI:Behind the Twilight";"어드벤처"
924;"직소 펀: 경이로운 자연";"파티"
925;"직소 펀: 경이로운 자연";"퍼즐"
926;"직소 펀: 경이로운 자연";"시뮬레이션"
927;"직소 펀: 경이로운 자연";"보드"
928;"스페이스 제네시스(Space Genesis)";"액션"
929;"스페이스 제네시스(Space Genesis)";"어드벤처"
930;"스페이스 제네시스(Space Genesis)";"아케이드"
931;"스페이스 제네시스(Space Genesis)";"슈팅"
932;"비타차드 애니멀 밸리";"어드벤처"
933;"비타차드 애니멀 밸리";"아케이드"
934;"비타차드 애니멀 밸리";"시뮬레이션"
935;"비타차드 애니멀 밸리";"기타"
936;"롤링 카";"액션"
937;"롤링 카";"아케이드"
938;"롤링 카";"퍼즐"
939;"롤링 카";"레이싱"
940;"루모트: 마스터모트 크로니클 (Lumote: The Mastermote Chronicles)";"어드벤처"
941;"루모트: 마스터모트 크로니클 (Lumote: The Mastermote Chronicles)";"퍼즐"
942;"Samurai Bringer";"액션"
943;"Samurai Bringer";"어드벤처"
944;"Samurai Bringer";"아케이드"
945;"Samurai Bringer";"퍼즐"
946;"무지개 위그드라실（Rainbow Yggdrasil）";"RPG"
947;"무지개 위그드라실（Rainbow Yggdrasil）";"전략"
948;"무지개 위그드라실（Rainbow Yggdrasil）";"보드"
949;"Anuchard";"액션"
950;"Anuchard";"어드벤처"
951;"Anuchard";"격투"
952;"Anuchard";"퍼즐"
953;"냠냠 라인";"전략"
954;"냠냠 라인";"퍼즐"
955;"Pretty Girls Rivers";"퍼즐"
956;"Formula Retro Racing";"액션"
957;"Formula Retro Racing";"아케이드"
958;"Formula Retro Racing";"레이싱"
959;"Formula Retro Racing";"시뮬레이션"
960;"Floating Farmer";"퍼즐"
961;"Floating Farmer";"시뮬레이션"
962;"Floating Farmer";"보드"
963;"Floating Farmer";"기타"
964;"마법의 보석: 잃어버린 가족";"어드벤처"
965;"마법의 보석: 잃어버린 가족";"전략"
966;"마법의 보석: 잃어버린 가족";"퍼즐"
967;"월드 사커 키드";"액션"
968;"월드 사커 키드";"파티"
969;"월드 사커 키드";"스포츠"
970;"월드 사커 키드";"아케이드"
971;"Thunder Kid: Hunt for the Robot Emperor";"액션"
972;"Thunder Kid: Hunt for the Robot Emperor";"아케이드"
973;"Thunder Kid: Hunt for the Robot Emperor";"슈팅"
974;"영 소울 (Young Souls)";"액션"
975;"영 소울 (Young Souls)";"어드벤처"
976;"블루 파이어 (Blue Fire)";"액션"
977;"블루 파이어 (Blue Fire)";"RPG"
978;"블루 파이어 (Blue Fire)";"어드벤처"
979;"Simple Mini Golf";"파티"
980;"Simple Mini Golf";"스포츠"
981;"Simple Mini Golf";"아케이드"
982;"Simple Mini Golf";"시뮬레이션"
983;"Ball Physics Draw Puzzles 2";"아케이드"
984;"Ball Physics Draw Puzzles 2";"퍼즐"
985;"Ball Physics Draw Puzzles 2";"보드"
986;"Ball Physics Draw Puzzles 2";"실용"
987;"Box That Ball";"아케이드"
988;"Box That Ball";"퍼즐"
989;"Box That Ball";"보드"
990;"Box That Ball";"기타"
991;"월드워 탱크 배틀(World War: Tank Battle)";"액션"
992;"월드워 탱크 배틀(World War: Tank Battle)";"RPG"
993;"월드워 탱크 배틀(World War: Tank Battle)";"아케이드"
994;"월드워 탱크 배틀(World War: Tank Battle)";"슈팅"
995;"Ambition Record";"RPG"
996;"Ambition Record";"어드벤처"
997;"Ambition Record";"전략"
998;"Ambition Record";"격투"
999;"카운터델타 더 불릿레인(Counter Delta: The Bullet Rain)";"액션"
1000;"카운터델타 더 불릿레인(Counter Delta: The Bullet Rain)";"어드벤처"
1001;"카운터델타 더 불릿레인(Counter Delta: The Bullet Rain)";"아케이드"
1002;"카운터델타 더 불릿레인(Counter Delta: The Bullet Rain)";"슈팅"
1003;"MAGLAM LORD/매그램 로드";"액션"
1004;"MAGLAM LORD/매그램 로드";"RPG"
1005;"MAGLAM LORD/매그램 로드";"어드벤처"
1006;"Explosive Candy World";"액션"
1007;"Explosive Candy World";"퍼즐"
1008;"Stellar Interface";"액션"
1009;"Stellar Interface";"어드벤처"
1010;"Stellar Interface";"아케이드"
1011;"Stellar Interface";"슈팅"
1012;"보석 마법사 전술";"어드벤처"
1013;"보석 마법사 전술";"전략"
1014;"보석 마법사 전술";"퍼즐"
1015;"보석 마법사 전술";"시뮬레이션"
1016;"몬스터 하베스트 (Monster Harvest)";"액션"
1017;"몬스터 하베스트 (Monster Harvest)";"RPG"
1018;"몬스터 하베스트 (Monster Harvest)";"어드벤처"
1019;"몬스터 하베스트 (Monster Harvest)";"시뮬레이션"
1020;"BIOHAZARD 5";"액션"
1021;"BIOHAZARD 5";"어드벤처"
1022;"BIOHAZARD 5";"슈팅"
1023;"트랙: 토이박스 에디션";"퍼즐"
1024;"트랙: 토이박스 에디션";"레이싱"
1025;"트랙: 토이박스 에디션";"시뮬레이션"
1026;"트랙: 토이박스 에디션";"학습"
1027;"컴퍼니맨";"액션"
1028;"컴퍼니맨";"어드벤처"
1029;"네이처";"액션"
1030;"네이처";"음악"
1031;"네이처";"시뮬레이션"
1032;"네이처";"기타"
1033;"Racing Karts";"파티"
1034;"Racing Karts";"스포츠"
1035;"Racing Karts";"아케이드"
1036;"Racing Karts";"레이싱"
1037;"Breakneck City";"액션"
1038;"Breakneck City";"아케이드"
1039;"Breakneck City";"격투"
1040;"Castle of Pixel Skulls";"액션"
1041;"Castle of Pixel Skulls";"퍼즐"
1042;"이모탈 렐름: 뱀파이어 워 (Immortal Realms: Vampire Wars)";"전략"
1043;"Jump King";"액션"
1044;"Jump King";"어드벤처"
1045;"Jump King";"기타"
1046;"오마이GOD!아슬아슬구세주";"액션"
1047;"오마이GOD!아슬아슬구세주";"어드벤처"
1048;"오마이GOD!아슬아슬구세주";"전략"
1049;"오마이GOD!아슬아슬구세주";"퍼즐"
1050;"데스 스마일즈I･II";"아케이드"
1051;"데스 스마일즈I･II";"슈팅"
1052;"무한대경 얼티밋 에디션";"액션"
1053;"무한대경 얼티밋 에디션";"아케이드"
1054;"무한대경 얼티밋 에디션";"퍼즐"
1055;"사이버 프로토콜";"파티"
1056;"사이버 프로토콜";"전략"
1057;"사이버 프로토콜";"아케이드"
1058;"사이버 프로토콜";"퍼즐"
1059;"저글러 테일";"어드벤처"
1060;"저글러 테일";"퍼즐"
1061;"Red Square Escape 2";"어드벤처"
1062;"Red Square Escape 2";"아케이드"
1063;"Red Square Escape 2";"퍼즐"
1064;"Red Square Escape 2";"기타"
1065;"Kosmonavtes: Academy Escape";"어드벤처"
1066;"Kosmonavtes: Academy Escape";"퍼즐"
1067;"Kosmonavtes: Academy Escape";"기타"
1068;"좀비 이즈 플랜팅(Zombie Is Planting)";"RPG"
1069;"좀비 이즈 플랜팅(Zombie Is Planting)";"어드벤처"
1070;"좀비 이즈 플랜팅(Zombie Is Planting)";"전략"
1071;"좀비 이즈 플랜팅(Zombie Is Planting)";"시뮬레이션"
1072;"Word Crush Hidden";"퍼즐"
1073;"Word Crush Hidden";"보드"
1074;"Word Crush Hidden";"학습"
1075;"Word Crush Hidden";"커뮤니케이션"
1076;"Panmorphia: Enchanted";"어드벤처"
1077;"Panmorphia: Enchanted";"퍼즐"
1078;"Panmorphia: Enchanted";"기타"
1079;"Island Farmer";"퍼즐"
1080;"Island Farmer";"시뮬레이션"
1081;"Island Farmer";"보드"
1082;"Island Farmer";"기타"
1083;"890B";"액션"
1084;"890B";"어드벤처"
1085;"890B";"퍼즐"
1086;"Airborne Kingdom";"RPG"
1087;"Airborne Kingdom";"어드벤처"
1088;"Airborne Kingdom";"전략"
1089;"Airborne Kingdom";"시뮬레이션"
1090;"City Pipes";"아케이드"
1091;"City Pipes";"퍼즐"
1092;"City Pipes";"보드"
1093;"City Pipes";"기타"
1094;"Mandalas";"보드"
1095;"Mandalas";"기타"
1096;"Mandalas";"학습"
1097;"Mandalas";"실용"
1098;"Pets No More 에어하키";"파티"
1099;"Pets No More 에어하키";"스포츠"
1100;"Pets No More 에어하키";"아케이드"
1101;"Pets No More 에어하키";"보드"
1102;"Angry Alligator 앵그리 엘리게이터";"액션"
1103;"Angry Alligator 앵그리 엘리게이터";"어드벤처"
1104;"Ghosts and Apples featuring Jack Redrum";"액션"
1105;"Ghosts and Apples featuring Jack Redrum";"어드벤처"
1106;"Ghosts and Apples featuring Jack Redrum";"아케이드"
1107;"Ghosts and Apples featuring Jack Redrum";"퍼즐"
1108;"Zumba Aqua";"액션"
1109;"Zumba Aqua";"아케이드"
1110;"Zumba Aqua";"퍼즐"
1111;"Zumba Aqua";"슈팅"
1112;"Ghost Sweeper";"액션"
1113;"Ghost Sweeper";"어드벤처"
1114;"Ghost Sweeper";"아케이드"
1115;"Ghost Sweeper";"퍼즐"
1116;"Wood Block Escape Puzzles";"퍼즐"
1117;"Wood Block Escape Puzzles";"보드"
1118;"Wood Block Escape Puzzles";"기타"
1119;"Wood Block Escape Puzzles";"학습"
1120;"라스트 4 얼라이브 좀비로부터 탈출(Last 4 Alive: Escape From Zombies)";"액션"
1121;"라스트 4 얼라이브 좀비로부터 탈출(Last 4 Alive: Escape From Zombies)";"어드벤처"
1122;"라스트 4 얼라이브 좀비로부터 탈출(Last 4 Alive: Escape From Zombies)";"아케이드"
1123;"라스트 4 얼라이브 좀비로부터 탈출(Last 4 Alive: Escape From Zombies)";"슈팅"
1124;"스페이스베이스 스타토피아 (Spacebase Startopia)";"전략"
1125;"스페이스베이스 스타토피아 (Spacebase Startopia)";"시뮬레이션"
1126;"Ruin Raiders";"액션"
1127;"Ruin Raiders";"RPG"
1128;"Ruin Raiders";"어드벤처"
1129;"Ruin Raiders";"전략"
1130;"Lyrica2 Stars Align";"액션"
1131;"Lyrica2 Stars Align";"음악"
1132;"Lyrica2 Stars Align";"학습"
1133;"Lyrica";"액션"
1134;"Lyrica";"음악"
1135;"Lyrica";"학습"
1136;"Panmorphia";"어드벤처"
1137;"Panmorphia";"퍼즐"
1138;"Panmorphia";"기타"
1139;"가디언 포스 새턴 트리뷰트";"아케이드"
1140;"가디언 포스 새턴 트리뷰트";"슈팅"
1141;"코튼 부메랑 새턴 트리뷰트";"아케이드"
1142;"코튼 부메랑 새턴 트리뷰트";"슈팅"
1143;"코튼 2 새턴 트리뷰트";"아케이드"
1144;"코튼 2 새턴 트리뷰트";"슈팅"
1145;"직소 걸작 EX 귀여운 여신（Jigsaw Masterpieces EXTENDED VERSION - Kawaii Cute Goddesses -)";"퍼즐"
1146;"직소 걸작 EX 귀여운 여신（Jigsaw Masterpieces EXTENDED VERSION - Kawaii Cute Goddesses -)";"보드"
1147;"직소 걸작 EX 귀여운 여신（Jigsaw Masterpieces EXTENDED VERSION - Kawaii Cute Goddesses -)";"트레이닝"
1148;"직소 걸작 EX 귀여운 여신（Jigsaw Masterpieces EXTENDED VERSION - Kawaii Cute Goddesses -)";"실용"
1149;"The Experiment: Escape Room";"어드벤처"
1150;"The Experiment: Escape Room";"퍼즐"
1151;"The Experiment: Escape Room";"기타"
1152;"Curious Cases";"어드벤처"
1153;"Curious Cases";"퍼즐"
1154;"Curious Cases";"기타"
1155;"Apple Knight";"액션"
1156;"Apple Knight";"RPG"
1157;"Apple Knight";"어드벤처"
1158;"Apple Knight";"아케이드"
1159;"흰색 소녀";"어드벤처"
1160;"흰색 소녀";"전략"
1161;"흰색 소녀";"아케이드"
1162;"흰색 소녀";"보드"
1163;"Ravva and the Cyclops Curse";"액션"
1164;"Ravva and the Cyclops Curse";"어드벤처"
1165;"팔코니어: 워리어 에디션(The Falconeer: Warrior Edition)";"액션"
1166;"팔코니어: 워리어 에디션(The Falconeer: Warrior Edition)";"어드벤처"
1167;"팔코니어: 워리어 에디션(The Falconeer: Warrior Edition)";"격투"
1168;"걸즈 탱크 배틀(Girls Tank Battle)";"액션"
1169;"걸즈 탱크 배틀(Girls Tank Battle)";"아케이드"
1170;"걸즈 탱크 배틀(Girls Tank Battle)";"슈팅"
1171;"Spider Solitaire 스파이더 솔리테르";"어드벤처"
1172;"Spider Solitaire 스파이더 솔리테르";"전략"
1173;"Spider Solitaire 스파이더 솔리테르";"퍼즐"
1174;"Spider Solitaire 스파이더 솔리테르";"보드"
1175;"대공원 스토리(Wild Park Manager)";"RPG"
1176;"대공원 스토리(Wild Park Manager)";"전략"
1177;"대공원 스토리(Wild Park Manager)";"시뮬레이션"
1178;"대공원 스토리(Wild Park Manager)";"기타"
1179;"Lines Frenzy 라인 프렌지";"파티"
1180;"Lines Frenzy 라인 프렌지";"퍼즐"
1181;"Lines Frenzy 라인 프렌지";"학습"
1182;"포어클로즈드 (Foreclosed)";"액션"
1183;"포어클로즈드 (Foreclosed)";"어드벤처"
1184;"라멘 가게 스토리(The Ramen Sensei)";"전략"
1185;"라멘 가게 스토리(The Ramen Sensei)";"퍼즐"
1186;"라멘 가게 스토리(The Ramen Sensei)";"시뮬레이션"
1187;"라멘 가게 스토리(The Ramen Sensei)";"기타"
1188;"Eternum EX";"액션"
1189;"Eternum EX";"아케이드"
1190;"CLOSER";"액션"
1191;"CLOSER";"어드벤처"
1192;"CLOSER";"퍼즐"
1193;"Kosmonavtes: Escape Reality";"어드벤처"
1194;"Kosmonavtes: Escape Reality";"퍼즐"
1195;"Kosmonavtes: Escape Reality";"기타"
1196;"순무 소년의 탈세 모험 (Turnip Boy Commits Tax Evasion)";"액션"
1197;"순무 소년의 탈세 모험 (Turnip Boy Commits Tax Evasion)";"어드벤처"
1198;"순무 소년의 탈세 모험 (Turnip Boy Commits Tax Evasion)";"퍼즐"
1199;"Macrotis: A Mother's Journey";"액션"
1200;"Macrotis: A Mother's Journey";"어드벤처"
1201;"Macrotis: A Mother's Journey";"퍼즐"
1202;"미닛 오브 아일랜드";"어드벤처"
1203;"미닛 오브 아일랜드";"퍼즐"
1204;"Roundguard";"RPG"
1205;"Roundguard";"전략"
1206;"Roundguard";"아케이드"
1207;"Roundguard";"퍼즐"
1208;"Alphadia Genesis 2";"RPG"
1209;"Alphadia Genesis 2";"어드벤처"
1210;"Alphadia Genesis 2";"전략"
1211;"Alphadia Genesis 2";"격투"
1212;"Collapsed";"액션"
1213;"Collapsed";"어드벤처"
1214;"Collapsed";"슈팅"
1215;"Collapsed";"기타"
1216;"드래곤 퀘스천";"RPG"
1217;"드래곤 퀘스천";"퍼즐"
1218;"드래곤 퀘스천";"트레이닝"
1219;"드래곤 퀘스천";"학습"
1220;"커브드 스페이스 (Curved Space)";"액션"
1221;"SuperMash";"액션"
1222;"SuperMash";"어드벤처"
1223;"SuperMash";"아케이드"
1224;"SuperMash";"시뮬레이션"
1225;"알바: 야생의 모험";"어드벤처"
1226;"아스트로 베어스";"액션"
1227;"아스트로 베어스";"파티"
1228;"아스트로 베어스";"아케이드"
1229;"G1목장 스토리(Pocket Stables)";"전략"
1230;"G1목장 스토리(Pocket Stables)";"스포츠"
1231;"G1목장 스토리(Pocket Stables)";"시뮬레이션"
1232;"G1목장 스토리(Pocket Stables)";"기타"
1233;"Paradox Error";"액션"
1234;"라스트 키즈 온 어스 (The Last Kids on Earth and the Staff of Doom)";"액션"
1235;"라스트 키즈 온 어스 (The Last Kids on Earth and the Staff of Doom)";"어드벤처"
1236;"헌티드던 더 좀비 아포칼립스(Haunted Dawn: The Zombie Apocalypse)";"액션"
1237;"헌티드던 더 좀비 아포칼립스(Haunted Dawn: The Zombie Apocalypse)";"어드벤처"
1238;"헌티드던 더 좀비 아포칼립스(Haunted Dawn: The Zombie Apocalypse)";"아케이드"
1239;"헌티드던 더 좀비 아포칼립스(Haunted Dawn: The Zombie Apocalypse)";"슈팅"
1240;"건물도 감정이 있어요! (Buildings Have Feelings Too!)";"시뮬레이션"
1241;"SpellKeeper";"전략"
1242;"SpellKeeper";"퍼즐"
1243;"SpellKeeper";"보드"
1244;"Dungeon Escape";"액션"
1245;"Dungeon Escape";"아케이드"
1246;"스피릿 럭키의 위대한 모험(DreamWorks Spirit Lucky's Big Adventure)";"액션"
1247;"스피릿 럭키의 위대한 모험(DreamWorks Spirit Lucky's Big Adventure)";"어드벤처"
1248;"포트 로얄 4 (Port Royale 4)";"전략"
1249;"포트 로얄 4 (Port Royale 4)";"시뮬레이션"
1250;"LiEat";"RPG"
1251;"LiEat";"어드벤처"
1252;"LiEat";"퍼즐"
1253;"LiEat";"기타"
1254;"올모스트 곤";"어드벤처"
1255;"올모스트 곤";"퍼즐"
1256;"올모스트 곤";"기타"
1257;"Taxi Chaos  택시 카오스";"아케이드"
1258;"Taxi Chaos  택시 카오스";"레이싱"
1259;"Taxi Chaos  택시 카오스";"시뮬레이션"
1260;"Crash Drive 2";"액션"
1261;"Crash Drive 2";"아케이드"
1262;"Crash Drive 2";"레이싱"
1263;"Crash Drive 2";"시뮬레이션"
1264;"World's End Club";"액션"
1265;"World's End Club";"어드벤처"
1266;"카운터리콘 더 퍼스트 미션(Counter Recon: The First Mission)";"액션"
1267;"카운터리콘 더 퍼스트 미션(Counter Recon: The First Mission)";"스포츠"
1268;"카운터리콘 더 퍼스트 미션(Counter Recon: The First Mission)";"아케이드"
1269;"카운터리콘 더 퍼스트 미션(Counter Recon: The First Mission)";"슈팅"
1270;"The Skylia Prophecy";"액션"
1271;"The Skylia Prophecy";"어드벤처"
1272;"The Skylia Prophecy";"아케이드"
1273;"Speed 3: Grand Prix 스피드 3: 그랑프리";"아케이드"
1274;"Speed 3: Grand Prix 스피드 3: 그랑프리";"레이싱"
1275;"Speed 3: Grand Prix 스피드 3: 그랑프리";"시뮬레이션"
1276;"NoReload Heroes Enhanced Edition";"액션"
1277;"NoReload Heroes Enhanced Edition";"어드벤처"
1278;"NoReload Heroes Enhanced Edition";"파티"
1279;"NoReload Heroes Enhanced Edition";"슈팅"
1280;"Figment";"액션"
1281;"Figment";"어드벤처"
1282;"Figment";"음악"
1283;"Figment";"퍼즐"
1284;"G다리우스HD（DARIUS G HD）";"액션"
1285;"G다리우스HD（DARIUS G HD）";"아케이드"
1286;"G다리우스HD（DARIUS G HD）";"슈팅"
1287;"Empire of Sin(엠파이어 오브 신)";"어드벤처"
1288;"Empire of Sin(엠파이어 오브 신)";"전략"
1289;"Empire of Sin(엠파이어 오브 신)";"시뮬레이션"
1290;"Forward To The Sky (포워드 투 더 스카이)";"액션"
1291;"Forward To The Sky (포워드 투 더 스카이)";"어드벤처"
1292;"Forward To The Sky (포워드 투 더 스카이)";"아케이드"
1293;"Forward To The Sky (포워드 투 더 스카이)";"퍼즐"
1294;"DEEMO -Reborn-";"RPG"
1295;"DEEMO -Reborn-";"어드벤처"
1296;"DEEMO -Reborn-";"음악"
1297;"DEEMO -Reborn-";"퍼즐"
1298;"그려라, 터치: 두 개의 왕국";"어드벤처"
1299;"트랜스포머: 배틀그라운드";"전략"
1300;"스페이스 크루: 레전더리 에디션 (Space Crew: Legendary Edition)";"어드벤처"
1301;"스페이스 크루: 레전더리 에디션 (Space Crew: Legendary Edition)";"전략"
1302;"아비치 인벡터";"액션"
1303;"아비치 인벡터";"음악"
1304;"아비치 인벡터";"아케이드"
1305;"트롤헌터: 아카디아의 수호자";"액션"
1306;"트롤헌터: 아카디아의 수호자";"어드벤처"
1307;"노 스트레이트 로드";"액션"
1308;"노 스트레이트 로드";"어드벤처"
1309;"노 스트레이트 로드";"음악"
1310;"저니 투 더 새비지 플래닛";"어드벤처"
1311;"스컬리";"어드벤처"
1312;"스컬리";"퍼즐"
1313;"Death Come True";"어드벤처"
1314;"Death Come True";"기타"
1315;"북 오브 데몬즈";"액션"
1316;"북 오브 데몬즈";"RPG"
1317;"북 오브 데몬즈";"어드벤처"
1318;"TT 아일 오브 맨 2";"스포츠"
1319;"TT 아일 오브 맨 2";"레이싱"
1320;"TT 아일 오브 맨 2";"시뮬레이션"
1321;"아메리칸 퓨지티브";"액션"
1322;"인디비지블";"액션"
1323;"인디비지블";"RPG"
1324;"인디비지블";"어드벤처"
1325;"슈퍼 픽셀 레이서즈";"레이싱"
1326;"기간토사우루스 더 게임";"어드벤처"
1327;"기간토사우루스 더 게임";"레이싱"
1328;"오버패스";"레이싱"
1329;"레일웨이 엠파이어";"전략"
1330;"레일웨이 엠파이어";"시뮬레이션"
1331;"Shinsekai Into the Depths™";"액션"
1332;"Shinsekai Into the Depths™";"어드벤처"
1333;"Scribblenauts Showdown";"어드벤처"
1334;"꿀벌 시뮬레이터";"어드벤처"
1335;"WRC 8 FIA 월드 랠리 챔피언십";"레이싱"
1336;"퓨리";"액션"
1337;"퓨리";"어드벤처"
1338;"퓨리";"격투"
1339;"퓨리";"슈팅"
1340;"닌자 자자마루군 컬렉션";"액션"
1341;"닌자 자자마루군 컬렉션";"RPG"
1342;"닌자 자자마루군 컬렉션";"아케이드"
1343;"퍼펙트! 슈퍼 몽키 볼";"액션"
1344;"퍼펙트! 슈퍼 몽키 볼";"파티"
1345;"퍼펙트! 슈퍼 몽키 볼";"아케이드"
1346;"다크 디보션";"액션"
1347;"다운타운 난투행진곡 Mach!!";"액션"
1348;"다운타운 난투행진곡 Mach!!";"스포츠"
1349;"다운타운 난투행진곡 Mach!!";"아케이드"
1350;"블레이징 크롬";"액션"
1351;"블레이징 크롬";"아케이드"
1352;"열혈경파 쿠니오군 외전 리버시티 걸즈";"액션"
1353;"열혈경파 쿠니오군 외전 리버시티 걸즈";"아케이드"
1354;"에어 컨플릭트: 퍼시픽 캐리어";"슈팅"
1355;"에어 컨플릭트: 시크릿 워";"슈팅"
1356;"어웨이: 뜻밖의 여정";"액션"
1357;"어웨이: 뜻밖의 여정";"어드벤처"
1358;"어웨이: 뜻밖의 여정";"슈팅"
1359;"섬란 카구라 PEACH BALL";"어드벤처"
1360;"섬란 카구라 PEACH BALL";"보드"
1361;"Panty Party";"액션"
1362;"Panty Party";"아케이드"
1363;"Panty Party";"슈팅"
1364;"마스 오어 다이!";"전략"
1365;"마스 오어 다이!";"시뮬레이션"
1366;"Dragon's Dogma: Dark Arisen";"액션"
1367;"Dragon's Dogma: Dark Arisen";"RPG"
1368;"Cytus α";"파티"
1369;"Cytus α";"음악"
1370;"Cytus α";"아케이드"
1371;"레미로어 ~소녀와 이세계와 마도서~";"액션"
1372;"레미로어 ~소녀와 이세계와 마도서~";"어드벤처"
1373;"미스트랄리아의 마법사";"액션"
1374;"미스트랄리아의 마법사";"RPG"
1375;"미스트랄리아의 마법사";"어드벤처"
1376;"아스테릭스 ＆ 오벨릭스 XXL 2";"액션"
1377;"아스테릭스 ＆ 오벨릭스 XXL 2";"어드벤처"
1378;"Fate/EXTELLA LINK";"액션"
1379;"Fate/EXTELLA LINK";"어드벤처"
1380;"Fate/EXTELLA LINK";"격투"
1381;"기어.클럽 언리미티드 2 (Gear.Club Unlimited 2)";"레이싱"
1382;"브이 랠리 4";"레이싱"
1383;"브이 랠리 4";"시뮬레이션"
1384;"토키";"액션"
1385;"토키";"아케이드"
1386;"나쁜 놈을 죽이자 (Kill The Bad Guy)";"액션"
1387;"나쁜 놈을 죽이자 (Kill The Bad Guy)";"아케이드"
1388;"나쁜 놈을 죽이자 (Kill The Bad Guy)";"퍼즐"
1389;"핸드 오브 페이트 2";"액션"
1390;"핸드 오브 페이트 2";"RPG"
1391;"핸드 오브 페이트 2";"보드"
1392;"올드 스쿨 뮤지컬";"음악"
1393;"GRIP : COMBAT RACING (그립 : 컴뱃 레이싱)";"레이싱"
1394;"Little Dragons Café";"어드벤처"
1395;"던전 러셔 (Dungeon Rushers)";"RPG"
1396;"VOEZ";"음악"
